	UMAP1_sc	UMAP2_sc	Clusters_sc	Cell_type_img	UMAP1_CP_sc	UMAP2_CP_sc	Clusters_CP_sc	UMAP1_bimodal_sc	UMAP2_bimodal_sc	Clusters_bimodal_sc
0_2	3.2750032	6.452794	0	Undetermined_cells	17.367847	3.900283	0	-2.0207143	-0.42579335	0
0_11	5.1139936	-1.5433767	1	Mouse	14.474529	1.7557521	0	-3.9712775	3.2676358	2
0_14	2.663741	0.4715139	0	Mouse	15.0021105	-0.18727891	0	-2.8892288	1.1756006	2
0_18	-3.145995	1.6094271	0	Human	12.201634	5.2780094	0	2.5205307	2.4037685	3
0_20	3.1669145	5.300844	0	Mouse	9.952094	2.249245	0	-0.5504319	0.36679447	4
0_21	4.715407	-1.2424312	1	Mouse	10.114077	2.34435	0	-3.6897354	-3.2891173	1
0_22	5.631709	-0.45207468	1	Mouse	7.8024154	-2.7086112	1	0.14658505	0.14084612	4
0_25	7.1953654	8.328022	2	Mouse	7.194355	-5.639582	1	1.0228813	0.4359817	4
0_40	7.207195	5.945316	1	Mouse	6.3071504	-4.574409	1	-3.0727916	0.78907406	0
0_41	-2.668146	3.885591	0	Undetermined_cells	10.615457	0.8122649	0	-4.346582	2.48289	2
0_57	5.272571	1.7382522	1	Mouse	7.0684795	1.140949	1	0.33493268	-1.4804585	0
0_86	9.117524	7.3360977	2	Mouse	10.330811	3.2217603	0	-1.4711556	-0.6098629	0
0_87	3.0716884	0.80786306	0	Mouse	7.7289476	-3.931867	1	1.9406427	-3.3378868	5
0_96	11.221653	1.0052108	1	Mouse	9.8732395	2.0340555	0	0.034640305	1.5971453	4
0_101	7.3146477	2.0857472	1	Mouse	14.607134	2.8975966	0	-5.7656507	-1.7144934	6
0_102	1.9658307	0.10262799	0	Mouse	14.53892	0.87599754	0	-4.333237	-2.024272	6
0_110	12.144166	2.362429	1	Mouse	15.119279	0.11125269	0	0.87491345	0.91032356	4
1_1	6.8600497	-0.7529511	1	Mouse	12.59849	3.8012218	0	0.9238105	-2.3346453	1
1_3	5.357193	3.6170042	1	Mouse	9.328589	3.3314207	0	-4.9363985	-2.555273	6
1_4	4.359086	-1.1813824	1	Mouse	7.6004925	-5.14297	1	-1.1995863	-1.1658514	0
1_16	6.190915	5.587001	1	Mouse	11.418999	2.4336681	0	-0.6284137	1.3865807	4
1_19	14.506439	8.390682	2	Mouse						
1_35	-3.6432772	3.60175	0	Human	7.911326	-1.4902986	1	2.127138	2.231048	3
1_38	12.37389	1.6181436	1	Mouse	12.162035	-1.9186738	0	-3.4919147	-1.2525785	0
1_41	1.3952993	2.0082371	0	Human	9.134429	4.274825	0	10.093442	2.0038702	7
1_43	-3.2629757	3.9069583	0	Human	8.057224	5.648841	2	3.2875009	2.9243877	3
1_50	12.056599	9.226771	2	Mouse	9.028247	3.3853283	0	-2.8568218	0.42699075	6
1_56	8.647338	5.2284884	1	Mouse	10.197268	2.686177	0	-2.950992	1.7851722	4
1_72	5.7543917	8.391338	2	Mouse	11.756133	1.1576765	0	2.8402128	-3.7025743	5
1_73	12.60119	8.99034	2	Mouse	6.203659	0.25345215	1	1.7954944	-3.7651293	5
1_87	6.829482	2.5224674	1	Mouse	8.9783	-0.7652199	0	-2.2125645	3.8469882	2
1_103	10.330892	0.2657171	1	Mouse	13.066667	1.6584853	0	-3.381312	-1.515585	0
1_104	5.855395	5.511864	1	Mouse	15.044366	6.009101	0	-4.40091	0.95203286	0
2_1	1.1764145	0.7758178	0	Undetermined_cells	14.976266	0.8772888	0	-3.3625731	-1.1574811	0
2_6	1.6043411	4.3249335	0	Mouse	3.5000107	6.6650157	2	-4.5605016	-2.6605377	6
2_22	11.5257635	7.187888	2	Mouse	9.868738	1.9243401	0	2.6460476	-3.5062354	5
2_26	12.740884	5.9808536	2	Mouse	7.7230773	0.27546388	0	-1.4167178	-3.7531905	1
2_36	8.660079	2.673651	1	Mouse	8.618067	0.9967888	0	-1.7509899	-2.0272002	1
2_39	10.604103	9.224231	2	Mouse	8.74553	-2.3505743	1	2.348548	-3.7138891	5
2_43	13.967726	5.539612	2	Mouse	9.667327	2.8540618	0	-0.4243042	-3.4840071	1
2_46	13.793119	8.108568	2	Mouse	6.1027555	2.2945073	2	-0.73659027	0.24041289	4
2_47	14.974605	7.2586737	2	Undetermined_cells						
2_60	11.512843	8.609747	2	Mouse	6.743241	-1.7924643	1	2.5515108	-1.337014	4
2_61	13.074589	7.2471514	2	Mouse	9.43925	1.2740769	0	3.5987985	-3.2466593	5
2_64	0.56641173	2.5183616	0	Mouse	13.331216	5.2561393	0	1.8648957	-0.37037298	4
2_73	14.9215355	2.5579455	2	Human	5.5763416	1.7846736	2	-4.5886903	0.18167117	6
2_84	-4.6304746	2.1984835	0	Human	7.953554	-4.9144597	1	2.874747	2.4578724	3
2_93	-1.7320434	3.7021945	0	Human	11.712306	4.716651	0	-1.7569203	3.6799107	2
2_98	13.859378	5.320295	2	Mouse	10.327239	4.308645	0	-5.2325907	0.30848646	6
2_101	10.901509	5.662506	1	Human	8.825457	6.5813146	2	-3.5939484	1.3103918	0
2_110	0.9900601	0.91184705	0	Human	9.9225445	1.9359431	0	-1.0679976	3.2265108	2
3_1	8.691618	7.2310314	2	Undetermined_cells	8.421382	-2.524769	1	3.394687	-3.5874698	5
3_4	5.442361	1.3878186	1	Mouse	5.95777	-5.9181876	1	-5.069059	-2.3738713	6
3_10	-3.87335	0.86580306	0	Human	6.699484	6.181681	2	3.2441192	0.94937104	3
3_22	2.7223978	-0.5013882	0	Human	6.3888593	5.540177	2	3.8553226	-2.0256405	5
3_28	14.534881	8.151356	2	Mouse	6.97836	6.867973	2	0.69661057	-3.1929877	1
3_41	0.18328108	1.6125191	0	Human	8.971686	4.410144	0	3.9895277	3.6802278	3
3_43	15.279969	3.684564	2	Mouse	6.4906473	6.533801	2	-3.1935503	-2.5047426	1
3_44	15.4509325	3.588658	2	Human	16.105904	4.6543493	0	-2.2785358	-3.1164627	1
3_46	15.509436	3.4361384	2	Human	3.824797	8.333489	2	-3.3647022	-3.2558858	1
3_62	-3.5216873	1.6015692	0	Human	6.8408036	6.631544	2	2.528873	2.5845225	3
3_63	9.80591	5.1426415	1	Mouse	8.873078	-2.184952	2	-0.09636337	0.72914803	2
3_66	12.927665	6.565015	2	Mouse	11.071568	0.88576	0	10.213328	2.0380664	7
3_68	5.416693	4.856067	1	Mouse	3.958615	9.403648	2	-0.31817922	-1.4426147	0
3_75	11.765948	8.099069	2	Mouse	6.778153	1.3825008	1	-4.6018863	0.9876355	0
3_81	9.333535	6.382875	2	Undetermined_cells	4.884559	-4.566422	1	-1.0874488	-0.7140187	0
3_86	9.604321	5.6976247	1	Mouse	6.354104	-5.026709	1	-2.3132813	1.9100342	2
3_93	8.629978	-0.60749024	1	Mouse	-1.3827323	6.4078097	3	-1.811422	3.6610427	2
3_95	4.8359184	6.8099294	0	Mouse	9.791803	2.921612	0	0.72171265	-3.3930852	1
3_112	7.180932	3.2136688	1	Mouse	5.6791806	9.671456	2	0.1568408	-3.6009743	1
4_8	12.017324	4.4143047	1	Mouse	5.2013774	6.7721515	2	-2.3467953	-2.899948	1
4_16	7.692046	2.611898	1	Mouse	5.1794567	-3.4635413	1	-3.369234	-0.22696353	6
4_23	5.4741035	-1.3317614	1	Mouse	8.856726	0.2663905	0	-0.61285496	-3.1036804	1
4_28	10.311448	9.109286	2	Mouse	10.157142	1.9338597	0	-3.576712	3.7367282	2
4_36	14.400572	6.4820905	2	Mouse	9.513131	3.1600847	0	-4.585603	1.3412781	0
4_74	8.818947	2.2192626	1	Mouse	8.884734	1.3102365	0	-3.005808	1.7675092	2
4_97	11.27984	0.2990925	1	Mouse	10.554334	-0.44909167	0	-2.1667964	-0.9335443	0
4_107	6.8801413	3.566416	1	Mouse	8.1642685	-5.3860607	1	2.3722088	-4.5369196	5
4_111	9.184503	-0.45265886	1	Mouse	14.859375	0.91976625	0	-2.984239	2.515603	2
5_3	7.4785585	3.9088209	1	Mouse	14.363291	-0.84114	0	-5.271929	0.38648337	6
5_4	7.167776	7.65513	2	Mouse	10.77251	-3.21296	0	-2.1692681	3.7848763	2
5_10	10.084189	2.7496877	1	Mouse	11.503554	6.969831	0	-2.6108546	-1.2321036	4
5_12	-2.5870059	0.8197337	0	Human	10.675046	6.445385	0	2.8890293	2.7663627	3
5_13	1.7028453	2.8624606	0	Mouse	8.084113	0.31456566	0	-0.57364047	-0.8742114	4
5_28	-3.9216175	2.7920969	0	Human	4.023499	9.151265	2	2.086978	2.2492867	3
5_34	-4.3904605	3.0097618	0	Human	8.2973995	-4.7444935	1	2.4636095	3.096359	3
5_37	-1.0606955	1.2399263	0	Undetermined_cells	5.9862046	6.881713	2	1.4032402	3.5706313	3
5_42	7.2734103	-0.51371807	1	Mouse	9.21412	-2.2448015	0	-4.719474	0.6162956	6
5_51	13.538406	6.714409	2	Mouse	10.861542	5.1458898	0	0.92958224	-1.1644228	4
5_56	4.5040402	0.5925586	1	Mouse	14.059115	5.2072067	0	-2.5822115	-3.2245593	1
5_62	9.355931	3.500302	1	Mouse	13.758101	3.0140564	0	-3.1180177	-2.8775725	1
5_71	9.102601	-0.8347716	1	Mouse	-1.5297546	6.8909817	3	-0.83473927	-2.7828777	1
5_86	9.582606	7.8181357	2	Mouse	9.832901	-2.03374	0	-1.4616734	2.602298	2
5_96	-3.4176612	1.7972784	0	Human	4.9441195	6.953185	2	3.9435945	4.091365	3
5_100	10.828683	5.4409037	1	Mouse	8.893272	1.9997648	0	2.072319	-1.2768722	4
5_103	6.5314507	6.6158285	1	Mouse	10.961159	-1.1257116	0	2.1213598	-4.848815	5
5_109	-1.3566707	3.4309828	0	Human	9.66617	4.17285	0	3.4838204	3.9360974	3
6_5	15.172322	2.8083298	2	Undetermined_cells	2.456736	9.809897	2	-5.012659	-1.7383658	6
6_42	12.080448	6.9953685	2	Mouse	10.9934025	1.4129698	0	-2.0110111	0.9757563	0
6_45	1.322611	1.5124096	0	Mouse	4.8486032	-3.4855692	1	0.05119761	0.027592354	0
6_54	12.87254	2.9656875	1	Mouse	2.0954008	9.600847	2	-2.2373176	-2.2558634	1
6_72	6.9895267	2.437111	1	Mouse	8.763722	1.8726677	0	2.7169027	-3.2611072	5
6_81	4.947822	2.0394442	1	Mouse	9.469797	-4.9455094	1	2.5834918	-3.9852703	5
6_84	7.891595	2.9972851	1	Mouse						
6_91	9.973114	2.0387838	1	Mouse	12.609335	1.1821822	0	-2.4248884	1.926216	2
6_96	9.295878	9.217009	2	Mouse	7.1922746	-0.6219961	0	-3.78065	-1.1911407	6
6_99	9.686962	6.633991	2	Mouse	7.342873	1.4691594	1	2.2259893	-0.6625033	4
6_100	-4.566442	3.086975	0	Human	8.629019	6.659331	2	3.856684	2.3858206	3
6_103	9.349426	4.6796637	1	Mouse	6.5597477	-2.4484975	1	-1.1441033	2.5166154	2
6_107	-2.9870806	2.9766808	0	Human	10.214976	-0.38283792	0	3.6235466	3.145748	3
6_111	-2.4794362	0.6704087	0	Undetermined_cells	10.102002	2.9230368	0	2.967597	3.2693338	3
7_10	8.17425	-0.61592424	1	Mouse	9.026198	1.3641864	0	-0.70833707	0.103643544	4
7_25	9.688283	8.250982	2	Mouse	10.998188	-0.03994885	0	2.7311666	-0.98503625	4
7_27	-1.6137238	3.4841864	0	Human	6.687432	6.04851	2	0.34444386	1.8588457	4
7_28	8.772181	1.9056304	1	Mouse	11.434337	-0.5753381	0	-3.3136823	0.62261987	0
7_37	8.949742	7.120722	2	Mouse	5.2700334	-3.9559393	1	-3.327138	2.7668006	2
7_57	14.427535	7.3517847	2	Mouse	4.789752	7.1300225	2	-2.0691006	-4.3510046	1
7_79	15.235641	6.293606	2	Mouse	7.581515	-2.5263612	1	-1.8580163	-1.6002468	4
7_89	10.458811	1.5266886	1	Mouse	9.974636	0.16187753	0	-2.4311016	-4.145825	1
7_93	13.041217	7.670048	2	Mouse	10.714709	5.5687914	0	0.16834761	-1.6195081	0
7_97	4.449455	2.7970471	1	Mouse	7.084328	-1.4304398	1	-0.2952002	-0.77084106	0
7_98	4.0666757	4.3278875	1	Mouse	13.564073	-2.1102133	0	2.2488134	-1.557664	4
7_110	7.7945814	2.7914531	1	Mouse	9.304726	-3.70479	1	2.996372	-3.1407652	5
8_11	6.774734	0.8034548	1	Mouse	4.4619	6.4581113	2	0.4685175	-1.5519868	0
8_23	7.8419886	5.67055	1	Mouse	11.079453	5.5721188	0	-0.22520213	-0.89667857	0
8_27	12.903386	0.77312714	1	Mouse	11.418366	6.1497073	0	-0.4260136	1.3204151	4
8_31	-0.4006249	1.5222665	0	Mouse	10.701887	-3.1060464	0	9.953143	1.8169082	7
8_43	-1.0134789	3.1085253	0	Human	6.1810446	4.3849773	2	1.5612074	2.624684	3
8_44	11.245334	3.0007906	1	Mouse	-1.2835923	6.1454816	3	-2.3592818	-0.09434896	0
8_47	9.600775	9.681765	2	Mouse	8.312608	0.79505444	0	3.143249	-2.9242399	5
8_53	11.211276	5.2800097	1	Mouse	10.928199	2.4682503	0	-2.322715	3.6417177	2
8_62	9.993537	3.2229617	1	Mouse	11.694566	2.1267843	0	1.5090998	-0.3386758	4
8_65	-3.8264935	3.7217567	0	Human	7.574713	6.446598	2	3.1909714	3.6718507	3
8_77	-3.1026208	1.0578651	0	Human	6.6117916	4.363611	0	1.4993603	3.235723	3
8_80	2.648694	5.940325	0	Human	12.756835	3.4259613	0	0.7885541	2.405431	3
8_90	12.34136	7.285634	2	Mouse	8.966206	6.667474	2	-3.9191346	0.78852534	0
8_97	8.002751	7.27578	2	Mouse	7.442251	-0.13469718	0	-0.28520298	-3.756437	1
8_100	7.940365	3.0472474	1	Mouse	7.6797476	-0.93610775	1	-2.3754299	3.0129411	2
9_10	2.823895	6.360113	0	Mouse	11.252982	2.4236593	0	-1.0667138	-3.5808992	1
9_13	7.856696	5.8305926	1	Mouse	7.282837	-2.4375436	1	-3.516806	2.4951172	2
9_29	-2.2837243	1.9839071	0	Human	8.293966	3.63686	2	-3.9264097	2.8896892	2
9_30	7.461524	2.60026	1	Mouse	5.053365	-2.8900154	1	-6.3428044	0.31100056	6
9_33	14.257405	5.79212	2	Mouse	-1.1929502	7.3766637	3	0.024187783	1.2659526	4
9_38	12.930334	7.5130024	2	Mouse	6.501826	-2.753066	1	3.5572357	-3.161375	5
9_39	13.602023	4.2459893	1	Mouse	12.504251	-1.228871	0	2.370319	-0.9976229	4
9_66	14.304488	7.3031883	2	Mouse	8.003133	2.9592688	0	0.7894295	-2.347601	0
9_76	10.19511	4.368956	1	Mouse	7.4187217	2.8394449	0	-1.9096582	-2.8531685	1
9_87	-1.9182314	1.1556519	0	Human	3.9695816	8.475595	2	3.1494744	2.0481405	3
9_95	2.991066	6.4813495	0	Mouse	7.1208744	4.4832487	2	-5.151654	-2.696514	6
9_102	1.8231473	2.4428008	0	Mouse	9.65315	0.19602469	0	-1.2782779	-2.5335224	1
10_1	2.8994362	0.7614117	0	Mouse	13.785479	-0.6085641	0	0.5956384	-0.04128953	4
10_10	12.059742	1.3315667	1	Mouse	10.052622	0.49252585	0	-2.0236695	0.18181162	0
10_15	-4.0153933	0.9408489	0	Human	6.6628175	5.417897	2	2.062953	2.317042	3
10_20	8.910334	8.3476305	2	Mouse	14.84576	0.5263627	0	1.8793873	-4.346745	5
10_21	12.93362	0.38557562	1	Mouse	10.720668	4.806674	0	-1.0530438	2.6636813	2
10_53	10.687676	2.1071687	1	Mouse	10.509828	4.259549	0	1.0825835	-0.7536629	6
10_62	8.417093	3.1230206	1	Mouse	9.771602	-2.5426052	1	-1.0029067	-0.042577848	4
10_63	9.544193	1.9929568	1	Mouse	-1.4324112	7.3513594	3	-4.7191715	-1.9963833	6
10_94	12.443226	8.45977	2	Mouse	6.020685	2.1626654	2	-4.184534	1.2228931	0
10_98	4.1069474	-1.1480476	1	Mouse	5.479115	-5.5278077	1	-1.871121	-0.17776284	0
10_99	-4.5218854	1.933604	0	Human	7.3116593	6.150794	2	3.9632351	2.8270948	3
10_108	12.464696	8.545189	2	Mouse	10.658666	4.006765	0	1.5899403	-3.321498	5
11_8	3.4644554	6.0257487	0	Mouse	11.57597	-0.20701571	0	-5.152342	2.725594	2
11_16	4.9453697	3.4796538	1	Mouse	7.6668053	3.6806908	2	-4.848222	-2.2949016	6
11_60	12.790365	0.66745204	1	Mouse	-1.73652	6.314032	3	-0.54238784	1.2769713	4
11_68	8.947826	7.9018188	2	Mouse	5.023845	6.52977	2	-2.8320086	-1.9609085	0
11_95	7.1022873	2.770486	1	Mouse	10.885693	4.965559	0	-1.5782033	-3.4921486	1
11_105	3.390003	3.1194446	0	Mouse	6.8975534	-3.381651	1	-0.2935128	-2.9061596	1
11_109	10.990033	5.3183494	1	Mouse	12.237576	6.308512	0	-4.065524	3.425939	2
11_110	-0.96595585	3.385403	0	Human	12.600468	6.2485247	0	3.182031	3.3470263	3
12_5	3.1780937	1.5976706	0	Mouse						
12_7	2.247235	4.011772	0	Mouse	6.436241	-4.9493203	1	-2.6164136	2.9126623	2
12_12	10.477904	7.772093	2	Mouse	7.3353333	-5.6395597	1	-4.5804286	1.6386993	0
12_13	7.5247235	3.3163908	1	Mouse	14.843943	5.9861712	0	-1.9359963	0.34074298	2
12_19	1.8594584	1.0586605	0	Mouse	10.727896	1.803843	0	-2.0324495	1.5065546	4
12_26	11.529763	9.679862	2	Mouse	8.028518	1.4690692	0	-4.85132	3.0360677	2
12_35	15.093036	4.004925	2	Human	17.177193	4.3363924	0	-1.4200981	0.4152104	4
12_39	12.62231	8.447429	2	Mouse	7.5267577	-4.908828	1	0.54438096	0.25343552	4
12_41	6.538833	2.265021	1	Mouse	6.048496	3.8486588	2	-4.698487	3.20122	2
12_45	14.880325	2.5755854	2	Undetermined_cells	3.7720754	7.5906954	2	-0.29207033	-2.3671036	1
12_49	12.569756	4.86864	1	Mouse	16.878023	5.217716	0	-0.9942415	-0.48394713	4
12_52	-0.6597328	1.4399165	0	Human	8.3545885	6.6796923	2	2.477143	1.4276096	3
12_55	9.782809	5.0384865	1	Mouse	14.173159	-1.6798849	0	1.312645	-2.0009532	4
12_62	5.8180285	7.2781167	0	Human	9.4399605	4.9171453	0	-2.8792086	1.0701251	4
12_71	5.2137527	6.5628977	0	Mouse	7.4317055	-1.9762515	1	-2.9363146	-3.5838876	1
12_73	5.580721	5.15993	1	Mouse	5.5353727	-4.005264	1	-0.32226112	1.6775506	4
12_93	12.081628	2.450745	1	Mouse	12.597999	5.9696746	0	-4.105977	0.1912918	0
12_100	10.483097	0.7421619	1	Mouse	11.854994	-0.011327282	0	2.4006917	-0.5035703	4
12_106	8.774267	-0.30863345	1	Mouse	6.4746733	-1.6067526	1	2.4784434	-0.7334276	4
13_1	2.3279467	0.1212864	0	Undetermined_cells	15.198512	2.1605527	0	0.8753943	-0.3650407	4
13_12	14.801944	8.180597	2	Undetermined_cells	17.308706	4.5443187	0	-0.911347	2.3247936	2
13_13	5.3614106	1.4457326	1	Mouse	8.419885	2.0776198	0	-4.6659455	2.5486317	2
13_22	3.899144	0.24329174	1	Mouse	4.127676	6.918583	2	-1.3515759	0.46684116	4
13_23	9.143737	6.155516	2	Mouse	10.240067	-1.3614714	0	0.12776938	0.97302336	4
13_33	7.5284815	4.9385967	1	Mouse	6.0176773	4.247844	2	1.6522064	-1.4355481	4
13_41	3.0008364	6.1679745	0	Mouse	16.546637	3.9506223	0	-3.1012034	-1.5490272	0
13_46	8.935439	8.735435	2	Mouse	9.321277	1.3673221	0	-2.4561388	-3.3009326	1
13_69	12.744977	1.8734281	1	Mouse	10.993815	3.3341882	0	-1.0358555	-1.197663	0
13_86	4.7760835	1.5170447	1	Mouse	6.3353624	1.1189938	1	-2.6489182	3.7213378	2
13_88	7.9521837	0.18283775	1	Mouse	11.353324	4.2412014	0	-2.454076	-1.4383192	1
13_92	9.097507	8.714334	2	Mouse	4.860661	9.218768	2	-2.6447449	0.6327907	0
13_100	9.925301	8.13911	2	Mouse	3.416731	7.1254945	2	0.5289346	-0.5753929	4
13_111	10.185041	2.6040883	1	Undetermined_cells	13.862927	3.1798842	0	-1.4607055	0.9717692	0
14_3	15.4024515	3.818384	2	Undetermined_cells	9.079139	3.5643747	0	-5.0356054	0.51458925	6
14_10	-4.1493654	1.838132	0	Human	16.803358	5.228009	0	1.1535236	2.6959016	3
14_17	14.956949	5.41637	2	Human	4.607698	5.9795732	2	0.8442051	-2.5091174	1
14_18	4.9882092	6.346357	0	Mouse	5.525528	-3.3543367	1	1.9457315	-1.9683416	4
14_31	4.291518	7.687499	0	Mouse	10.527284	0.14691521	0	-2.6843123	-0.7814703	0
14_40	11.880421	0.5337159	1	Mouse	8.619127	-1.6520548	1	2.3377328	-3.9476826	5
14_47	3.001574	1.8521111	0	Mouse	10.699866	1.2519479	0	-1.9894751	-0.876489	4
14_58	6.1435566	-0.8721651	1	Mouse	12.199552	-1.882121	0	-0.25867605	-3.4313946	1
14_59	9.744363	5.6306286	1	Mouse	12.234158	3.9482887	0	-3.3298204	-0.7411822	0
14_62	9.053521	4.8304825	1	Mouse	6.8001056	-2.2482886	1	-4.2431545	-1.1033671	6
14_63	8.779569	1.5249536	1	Mouse	10.758274	2.0765975	0	-2.7133434	3.5865731	2
14_64	10.185911	8.368569	2	Mouse	11.023498	0.9966005	0	-5.994544	-1.9598155	6
14_68	7.4482083	8.50463	2	Mouse	7.9994254	1.2606664	0	-4.8961077	-1.2544008	6
14_76	13.46223	5.8033442	2	Mouse	12.843466	-0.39461043	0	-3.4496539	0.40130976	0
14_77	9.236978	4.9284706	1	Mouse	11.530659	1.7803984	0	-1.1248522	2.8852599	2
14_79	-0.59909904	1.3419534	0	Mouse	11.174681	-0.62940425	0	-1.4696754	-2.4931388	1
14_90	14.123462	7.784991	2	Mouse	2.5063362	9.813415	2	3.3011134	-3.9851804	5
14_97	5.8911395	6.7916265	0	Mouse	10.448931	-2.079844	0	-4.0865088	-2.241136	6
14_107	9.61796	5.6367073	1	Undetermined_cells	-0.29263684	7.7794666	3	-0.23012799	-3.9677827	1
14_108	10.30157	1.7388963	1	Mouse	11.310556	4.7101192	0	-2.1243713	-4.056898	1
14_109	9.022166	6.4065557	2	Mouse	12.714895	5.951171	0	9.942709	2.3788774	7
14_110	3.3717365	6.7649817	0	Mouse	8.148414	-5.873963	1	-1.8230118	1.248984	4
15_2	1.8298477	2.6420248	0	Mouse	10.498218	-2.6438024	0	-3.9141316	-0.7505982	6
15_5	4.2377534	2.0732372	1	Mouse	9.195739	-1.3645787	0	-2.984057	3.3846738	2
15_14	-0.86321557	2.9791052	0	Human	-0.44724402	7.8599434	3	3.8533301	-2.3302944	5
15_16	10.101054	3.6302571	1	Mouse	4.0210767	8.729554	2	-0.7106409	-3.2297063	1
15_19	5.539032	-1.0209297	1	Mouse	6.0856915	-3.7341206	1	-3.2232232	-1.9269434	4
15_24	1.1049267	2.2781854	0	Mouse	12.113727	-0.9359745	0	-4.962728	-0.6176189	6
15_45	12.687901	3.4486213	1	Mouse	16.621851	5.063017	0	-3.0393207	-3.611968	1
15_46	13.333238	0.5193293	1	Undetermined_cells	4.4919286	8.226369	2	-0.8417407	-3.4664438	1
15_47	2.7126834	5.855947	0	Mouse	6.4038854	0.9326062	1	-0.07211869	-0.31060252	4
15_52	13.878505	8.974539	2	Mouse	16.676313	4.974352	0	-4.388954	-2.0913193	6
15_77	8.848002	1.3689197	1	Mouse	10.991357	5.1894226	0	-4.7788997	0.7100748	6
15_79	12.504726	2.0112066	1	Mouse	12.384173	5.6787443	0	-2.1332915	-1.3787688	0
15_86	-3.994802	3.6877534	0	Human	10.498188	1.8919544	0	2.5333586	2.1906075	3
15_93	11.379459	2.419218	1	Mouse	3.996646	6.3011236	2	-3.4988458	0.6854334	0
15_106	11.809036	0.55901724	1	Mouse	7.3806195	2.1311972	2	-3.9425106	-0.25935566	6
15_108	4.8930836	-1.3366472	1	Mouse	14.153345	4.8101735	0	-2.4286907	-1.1604102	0
15_109	6.6926403	6.8434367	1	Mouse	6.2549143	-4.3137255	1	-1.6435616	-0.559557	2
15_111	11.241059	2.6683369	1	Undetermined_cells	14.857885	1.1949582	0	2.3616984	-0.5898256	4
16_0	-2.1018307	3.1843626	0	Undetermined_cells	-1.6422511	6.444799	3	2.3513198	1.9633113	3
16_19	8.159825	5.8441243	1	Mouse	10.456441	4.4288135	0	-4.1031857	-1.3745837	6
16_39	-4.029899	3.7775376	0	Human	6.722066	3.6753573	2	2.7205005	1.9223664	3
16_40	7.275711	-0.37306207	1	Mouse	11.701509	-0.3926787	0	-1.7090107	3.3244293	2
16_45	10.988178	5.371257	1	Mouse	15.153835	1.0866113	0	1.3221318	-3.1618333	1
16_46	-2.1786017	3.6906736	0	Human	6.9291067	6.7045326	2	3.3927913	2.1727536	3
16_59	1.7359412	4.251967	0	Mouse	16.30308	4.4569464	0	0.42385566	-3.677554	1
16_61	13.066145	6.9911118	2	Mouse	11.192322	4.4565616	0	-4.791761	1.722253	2
16_64	12.41357	6.1364574	2	Mouse	10.771591	-2.0850859	0	-1.2532812	2.361195	2
16_78	5.0452557	1.8313345	1	Mouse	12.787817	6.2643433	0	-4.737193	-0.25941345	6
16_82	11.394647	4.95733	1	Mouse	12.319955	5.5335293	0	9.730203	1.8613722	7
16_88	5.2463484	7.961185	0	Mouse	10.203769	-2.1222017	1	-1.0282811	-1.5692363	0
16_95	1.4080173	3.1502776	0	Mouse	3.772468	6.534185	2	-3.9848688	-1.2968515	6
16_96	4.17231	7.4960575	0	Mouse	12.089168	6.520095	0	1.3141557	0.15008591	4
17_1	4.597611	4.308723	1	Mouse	10.471467	-3.287092	0	-1.2359929	-0.13627078	0
17_15	7.211334	3.9228058	1	Mouse	8.528707	-0.030159894	0	-2.9087932	2.0068903	2
17_29	9.608131	5.0054317	1	Mouse	10.333712	-0.90882325	0	2.3414142	-0.65659684	4
17_32	7.9380984	-1.4542149	1	Mouse	7.1964602	2.691873	0	1.1296164	-1.2580782	4
17_33	14.370485	8.173105	2	Mouse	11.789856	6.8163795	0	1.9258657	-0.012348388	4
17_37	7.9807787	-0.64719105	1	Mouse	14.001951	5.542238	0	-1.458131	-1.0689938	6
17_44	12.806233	9.398644	2	Undetermined_cells	14.926374	5.9129663	0	-1.5794519	-2.0439103	1
17_61	14.985682	6.2686777	2	Mouse	8.387568	-1.9161826	1	2.9538913	-3.0480027	5
17_67	-2.7042437	2.4953399	0	Undetermined_cells	9.888144	3.105938	0	2.9008853	4.32748	3
17_68	8.173833	8.320001	2	Mouse	7.878109	-1.5863214	1	-3.7531457	-2.1479635	1
17_69	2.3583565	-0.272589	0	Human	8.009902	6.5109353	2	2.8227623	-3.4321175	5
17_70	12.203324	8.958492	2	Mouse	5.1573663	-4.4720745	1	-1.0917538	0.39753598	4
17_76	7.7119904	2.0743113	1	Mouse	12.862844	3.7616053	0	2.8497603	-0.80966127	4
17_98	4.21738	4.0690293	1	Mouse	6.9957814	-4.1857615	1	-4.1307993	0.031058978	6
17_110	5.861225	4.89624	1	Mouse	14.651451	-1.240685	0	-0.9935564	-2.313932	1
18_15	11.778755	8.3612	2	Mouse	13.522783	2.5716329	0	2.3556843	-1.0432489	4
18_24	-4.397751	2.4480817	0	Human	7.945497	-5.5751987	1	3.5820227	3.1020348	3
18_35	10.708111	8.108512	2	Mouse	14.217721	-1.6888287	0	1.2592337	0.016428279	4
18_53	3.9179466	5.615706	0	Mouse	8.62896	-3.7542667	1	1.7199817	-3.0062726	5
18_58	14.106937	5.9667597	2	Mouse	8.866737	3.0108662	0	-4.5301266	0.33287895	6
18_67	12.136446	1.770946	1	Mouse	10.615396	-4.184626	1	-1.6183184	-3.8538911	1
18_71	10.638592	3.2128437	1	Mouse	4.5099263	8.207124	2	-6.6596107	-0.99095875	6
18_82	12.418947	0.1993131	1	Mouse	8.726928	2.8369994	0	-2.8328216	-3.0907724	1
18_83	-3.436561	1.144099	0	Human	9.852191	4.2127275	0	3.0969796	4.213513	3
18_85	15.192977	3.2095392	2	Mouse	7.290351	-0.3008188	1	-4.472268	0.8904984	0
18_89	12.535056	6.2172046	2	Mouse	10.660617	2.738357	0	3.4701192	-3.8461127	5
18_97	9.311787	5.440821	1	Undetermined_cells	6.465527	-7.07404	1	0.9525258	-2.771316	1
18_108	11.065392	0.84889656	1	Mouse						
19_17	10.006397	6.187944	2	Mouse	11.745226	-0.23199287	0	-0.128493	-1.338153	0
19_19	-1.6968277	2.733892	0	Human	8.037416	6.19587	2	2.8133554	4.2102036	3
19_23	1.9114815	1.8796203	0	Mouse	9.592142	-2.0881264	0	1.879119	-0.1169552	4
19_25	4.5359564	3.4016838	1	Mouse	9.970939	4.320116	0	-1.9011976	2.5173304	2
19_35	7.3568664	1.2225425	1	Mouse	9.476778	0.8798522	0	10.427675	1.6475098	7
19_36	13.868119	7.951105	2	Mouse	10.419908	-0.26476303	0	1.8194842	-1.7529135	4
19_41	15.243403	3.9961653	2	Mouse	8.720603	-0.15463279	0	-2.9142792	-0.94524646	0
19_62	7.665552	6.126659	1	Mouse	8.131441	0.98377734	0	-2.0690415	-4.3065443	1
19_71	13.071501	4.1986146	1	Mouse	7.413618	-1.5196913	1	-2.7273836	-0.35640973	6
19_74	13.640702	1.0878005	1	Mouse	4.5996356	-3.1997974	1	3.685881	-3.323564	5
19_80	13.413013	9.102763	2	Undetermined_cells	6.4228897	-5.7653313	1	-1.2274175	-2.8305914	1
19_81	1.5879132	2.958485	0	Mouse	12.056193	2.2193298	0	-1.47251	-1.6614637	0
19_85	10.18296	7.034049	2	Mouse	10.632729	-4.155456	1	-3.1896384	3.0799832	2
19_99	4.1507454	7.3590946	0	Mouse	11.907175	3.9546301	0	-1.1163117	-1.3423537	0
19_101	-2.1855457	0.6780202	0	Human	11.957361	5.610271	0	3.9618983	2.4141767	3
19_109	7.9265018	8.833559	2	Mouse	8.924992	-4.056508	1	-1.6393027	-1.4412316	0
20_0	8.871859	5.1372247	1	Undetermined_cells	-1.7226083	6.2615137	3	0.23219767	-1.850302	0
20_10	5.501918	-1.5814542	1	Mouse	7.759797	-5.3585043	1	-3.293748	3.6095715	2
20_17	-2.6674402	2.7218316	0	Human	3.9470634	8.254853	2	3.7977648	-2.438991	5
20_33	11.409716	4.312536	1	Mouse	3.4987776	8.214215	2	0.70284384	-2.8051488	1
20_40	11.964254	1.0619837	1	Mouse	6.0297723	6.396292	2	-1.8263787	0.16682643	4
20_52	8.898499	2.930658	1	Mouse	4.671199	8.647264	2	-1.9152557	-2.515136	1
20_53	14.1127405	8.730937	2	Mouse	11.277218	3.284386	0	-2.6554246	-2.6382737	1
20_58	9.557117	-0.7553935	1	Mouse	5.3755794	-3.283583	1	-2.808084	-0.2846427	0
20_66	8.897827	5.8168025	1	Mouse	6.6624985	1.3363168	0	-3.6491482	0.8043429	0
20_67	9.1529255	1.6763788	1	Mouse	6.0970106	-4.184687	1	-0.11657747	0.6405297	4
20_77	6.6106787	8.703163	2	Mouse	9.724237	-0.7071142	0	2.5168574	-0.9222347	4
20_83	-2.1326797	1.8563569	0	Human	8.861807	1.7981862	0	3.7735732	3.325999	3
20_84	7.6131873	0.40208426	1	Mouse	5.555081	-5.261256	1	-1.8100579	2.9787183	2
20_85	12.61697	9.27992	2	Mouse	8.931788	3.329939	2	-1.8592789	-3.377031	1
20_89	6.513066	6.7942977	1	Mouse	6.400565	-2.257965	1	-4.9063215	0.3344745	6
20_91	2.5129867	4.784412	0	Mouse	13.093554	1.4537889	0	-2.1776996	-0.17228477	0
20_96	12.516313	5.921096	2	Mouse	10.775279	3.8866448	0	-0.41678497	1.2490438	4
20_99	4.007443	0.44417664	1	Mouse	12.323656	-0.5750404	0	1.0371109	-0.10913199	6
20_100	-1.8193345	2.3248637	0	Human	5.802366	5.58086	2	1.6702833	2.994933	3
20_111	9.646124	6.561781	2	Undetermined_cells	15.398419	1.2959737	0	-4.420931	0.6977287	0
21_14	7.589013	-1.6125339	1	Mouse	9.92384	-0.73617786	0	-3.0648668	-0.118457414	0
21_18	9.09502	4.4493628	1	Mouse	10.347979	6.2067714	0	1.7410684	-1.0641389	4
21_24	-4.719716	1.7560537	0	Human	7.0228763	5.302775	2	9.852294	2.4549782	7
21_25	2.3247883	3.9581246	0	Mouse	12.494597	-0.36962262	0	-3.7549345	3.3830647	2
21_32	9.481862	7.9280176	2	Mouse	13.562149	2.1293647	0	-2.9114852	-0.5581138	6
21_35	7.6056423	5.315358	1	Mouse	11.905908	4.002752	0	3.4337506	-2.957893	5
21_47	8.625243	9.587314	2	Mouse	6.628689	-3.2868145	1	-0.14724925	0.36782184	4
21_59	12.69367	5.878324	2	Mouse	6.7485967	-5.017236	1	0.38022828	0.5993006	4
21_65	5.2744765	3.6321535	1	Mouse	6.496803	-6.078744	1	-1.3993905	0.11553554	4
21_87	12.8252125	1.0343126	1	Mouse	6.9475	2.2680697	2	0.5840065	-3.6136734	1
21_98	10.410413	2.4635208	1	Mouse	8.248174	3.8880086	2	-1.9764512	-2.5763004	1
21_108	1.9991386	-0.02442304	0	Human	11.9754095	5.7222657	0	-4.02136	-2.5789425	6
22_9	6.720724	2.9564142	1	Undetermined_cells	5.7978945	9.904625	2	-1.8972114	-3.0260828	1
22_35	3.1185055	4.1581573	0	Mouse	10.848033	3.039775	0	-3.1376512	2.18405	2
22_36	-2.0563765	3.9474678	0	Human	10.99151	6.959186	0	3.8023064	3.710631	3
22_38	5.7636952	3.5050359	1	Mouse	7.565711	1.311548	0	9.849455	0.9822407	7
22_39	6.88967	4.00002	1	Mouse	9.15597	-0.41292328	0	-3.798669	-2.0643847	6
22_43	6.9201975	8.93103	2	Mouse	5.8725023	-4.5810037	1	-4.700479	1.1645066	0
22_44	5.9027357	6.371639	0	Mouse	7.5445085	-1.1077276	1	-2.271802	-0.38805822	6
22_50	5.0886483	3.3395865	1	Mouse	6.6524997	-0.9350692	1	-4.9210367	1.91319	2
22_52	6.2295074	3.2583983	1	Mouse	8.50483	-1.3582573	1	-1.2907131	-0.25558382	4
22_53	14.306123	6.264173	2	Undetermined_cells	6.061078	9.668129	2	-1.6173346	2.2350378	2
22_54	0.92498624	1.002135	0	Undetermined_cells	16.099907	1.3744583	0	1.6951842	1.731547	3
22_61	7.2616825	3.577918	1	Undetermined_cells	9.510633	-3.7428305	0	10.223781	2.2172112	7
22_81	10.3298855	3.9773438	1	Mouse	7.673232	-1.6781431	1	-3.536395	-2.214752	6
22_88	3.782684	0.5899792	1	Undetermined_cells	8.218128	-4.3117123	1	2.042918	-0.6805008	4
22_91	4.0044384	7.4606934	0	Mouse	11.556427	2.4950113	0	-2.3189297	-0.8252823	0
22_98	3.2668803	2.0110388	0	Mouse	11.475457	2.0684676	0	-2.4073236	2.764928	2
22_108	3.9753885	-0.99578303	1	Mouse	6.5844035	-4.2994695	1	-0.24419926	-1.8273774	0
23_0	14.21126	4.016437	2	Undetermined_cells	-1.8326468	6.4986787	3	-0.6986322	0.693434	4
23_1	4.190317	-0.49123818	0	Mouse	8.330309	-5.762093	1	10.335557	1.7918835	7
23_14	4.220446	0.18941873	1	Mouse	10.47554	-0.9413163	0	10.1258545	1.4706451	7
23_23	6.1697354	4.712576	1	Mouse	5.565905	-4.079109	1	-4.466993	0.08550695	6
23_24	-0.5890794	2.7243512	0	Human	5.8139477	4.797823	2	3.870991	3.9634576	3
23_43	2.7239542	0.017307214	0	Mouse	7.000639	-2.1400526	1	10.084683	1.7122601	7
23_48	10.665396	1.8260094	1	Mouse	9.295703	0.19391885	0	-2.2396119	0.95702994	0
23_49	8.843985	9.077472	2	Mouse	7.3117743	3.016711	0	-2.084696	-0.9449817	0
23_51	7.902336	3.341555	1	Mouse	13.736763	3.3695402	0	2.1542041	-4.371543	5
23_53	-4.331656	2.5669162	0	Human	5.4918046	-2.278643	1	2.8629854	2.5441964	3
23_54	-2.374667	1.789563	0	Mouse	7.6889677	-3.7293696	1	0.88792086	3.373649	3
23_77	14.91496	6.2328143	2	Mouse	14.005949	4.7504272	0	-2.6281524	1.8239664	2
23_80	15.274151	5.497871	2	Mouse	13.839205	-1.4057008	0	3.765401	-3.6799755	5
23_85	2.6016033	-0.015781414	0	Mouse	2.3866456	9.269001	2	-3.7217102	-2.8211107	1
23_90	2.0588272	1.2059782	0	Undetermined_cells						
23_95	0.7033472	1.7465261	0	Mouse	7.8729916	-3.2816002	1	-5.89794	-0.53835785	6
23_100	14.584957	8.450549	2	Undetermined_cells	15.346957	1.9250511	0	1.2363827	-1.9448076	0
23_101	10.655358	1.739434	1	Mouse	6.2432756	4.0311117	2	2.125346	-3.177272	5
23_104	6.6827607	6.505175	1	Human	4.935362	9.694579	2	-4.190207	-0.74801445	6
24_1	0.6021807	1.2686543	0	Mouse	13.946256	4.4302216	0	1.4220656	-1.9276297	1
24_37	8.752721	7.6607914	2	Mouse	7.153536	-5.5274053	1	1.5133444	-0.073022984	4
24_39	7.2987967	3.1863842	1	Mouse	13.205066	0.60124135	0	-6.4028573	-1.4252068	6
24_42	12.997272	2.360346	1	Human	8.33432	6.381175	2	-0.88321126	-0.95575666	0
24_65	10.063795	2.3465133	1	Mouse	11.980476	0.81206274	0	-4.2435865	3.4381695	2
24_68	12.975623	4.808028	1	Mouse	9.853599	5.8638864	2	-5.4519653	-0.24885392	6
24_90	12.563039	6.7133336	2	Mouse	6.560625	-5.884107	1	1.0196217	0.20115818	4
24_96	8.772632	1.6160792	1	Undetermined_cells	7.6047573	-5.281283	1	-3.3149707	2.7438939	2
25_1	-3.8976135	0.8539937	0	Human	7.301447	3.2784994	0	-6.452248	-0.49503654	6
25_4	11.381763	4.761764	1	Mouse	12.076617	0.46222964	0	1.4487236	-0.6556818	4
25_8	6.9644	0.78244114	1	Mouse	15.868167	4.4546967	0	-2.138019	-3.715352	1
25_9	5.748062	1.086345	1	Human	13.428189	3.1686418	0	0.31329155	-4.0686026	1
25_27	6.8726754	0.6588843	1	Mouse	6.266913	-1.2268527	1	-1.1753759	-3.1631722	1
25_35	1.1140035	1.009094	0	Human	6.325452	6.836951	2	-5.447249	-0.5448901	6
25_49	4.654958	3.8262284	1	Mouse	13.856042	-2.1343498	0	-2.0207746	3.3615117	2
25_57	14.066544	8.568986	2	Undetermined_cells	4.788174	9.743111	2	-0.42508295	-1.2571547	0
25_64	9.115398	7.9267178	2	Mouse	13.001792	4.9371805	0	1.2477183	-1.5363417	4
25_68	8.572352	9.403044	2	Mouse	10.897039	7.223679	0	-1.9348179	1.6472636	2
25_70	8.714578	-0.77657026	1	Mouse	10.7961	2.8150828	0	-5.7864585	-0.6330064	6
25_73	12.964368	1.3731558	1	Mouse	14.450082	-1.1643817	0	-1.3680791	0.8127339	4
25_105	3.4935071	4.258478	1	Mouse	4.8740735	7.622395	2	-4.4576197	-2.4948876	6
25_109	3.7348943	7.0447106	0	Mouse	5.712645	-3.493539	1	9.958569	1.0503224	7
26_1	6.2900295	3.6018188	1	Mouse	8.543491	-3.8865902	1	2.5849717	-2.741583	5
26_3	14.769994	2.3255262	2	Undetermined_cells	16.45034	4.261382	0	-4.9818683	1.0502565	0
26_5	13.226953	6.384112	2	Mouse	13.276052	2.2335439	0	-5.9171205	-0.8133167	6
26_6	3.4267573	3.119262	0	Mouse	8.770545	-3.8465574	1	-4.197671	0.5142135	6
26_9	2.831614	4.3321147	0	Mouse	13.743105	-0.13991614	0	-1.5133555	0.030679826	4
26_19	11.477	-0.31298923	1	Mouse	12.836223	2.5569372	0	9.675857	2.237108	7
26_42	14.509396	4.747007	2	Undetermined_cells	5.3525324	0.82114303	1	-0.11097123	1.43546	4
26_48	-0.49237004	2.7995992	0	Human	8.676526	6.5095863	2	3.177478	3.1403728	3
26_60	-4.8607845	2.5364301	0	Human	9.692445	4.612101	0	2.2652428	2.9577882	3
26_62	12.650141	3.9728174	1	Mouse	13.5329895	0.27537534	0	-2.3824859	-1.7370471	1
26_63	12.785964	0.36933684	1	Mouse	6.00974	2.8502622	2	-0.44783276	-0.22110122	4
26_75	8.300384	1.0731059	1	Mouse	13.276286	0.09279124	0	-3.426629	-0.17792729	0
26_86	4.973234	-1.2661687	1	Mouse	12.360317	3.8562436	0	-4.630828	-0.14327645	6
26_89	10.277569	8.885736	2	Mouse	11.8071575	4.4291916	0	1.8691779	-1.4217267	4
26_92	4.8126836	7.6011806	0	Mouse	6.1183496	-4.8488717	1	-4.5556397	3.2538762	2
26_100	10.419576	6.959229	2	Mouse	1.8168334	9.513647	2	0.7409823	-2.561903	1
26_101	15.110376	2.5689642	2	Undetermined_cells						
26_106	-3.6266086	1.3384535	0	Human	6.9634323	4.2437286	0	3.530569	3.6247442	3
26_109	11.569939	8.284627	2	Mouse	8.116265	2.5114987	0	1.0270447	0.09395772	4
26_111	2.9787776	0.027711233	0	Undetermined_cells	14.957057	1.7452211	0	-6.280087	-1.2498802	6
27_5	3.3225853	1.9395373	0	Mouse	8.853152	-2.9500477	1	-1.5623343	2.2383933	2
27_13	7.568641	1.156497	1	Mouse	13.932003	3.6681314	0	-0.17495123	-1.5853964	0
27_16	4.932024	4.9155254	1	Mouse	12.715031	-0.3004512	0	-2.9471176	-1.1295421	0
27_29	1.786962	1.3476744	0	Mouse	14.462981	4.478975	0	10.076534	1.7332081	7
27_36	6.085851	4.215442	1	Mouse	9.319228	-5.073918	1	-1.1368401	-0.5599137	4
27_40	9.7743845	2.8231022	1	Mouse	5.087062	6.166891	2	-1.0711471	0.99965274	4
27_55	13.539201	8.607997	2	Mouse	4.0147247	8.670755	2	-6.630241	-1.4913911	6
27_77	10.010738	1.8117615	1	Mouse	11.012521	4.6063485	0	-2.9165194	-2.2427957	1
27_79	13.341069	0.56834704	1	Mouse	10.702799	-2.5867803	0	-0.877481	1.2310104	6
27_82	12.239386	0.14065884	1	Mouse	9.956743	4.751747	0	-0.9996632	-2.7528832	1
27_89	13.623365	7.9508185	2	Undetermined_cells	14.612168	2.26716	0	-2.5601094	-3.9504635	1
27_96	6.136205	3.6596854	1	Mouse	6.429567	-3.9961433	1	-2.5528867	1.3668551	4
27_111	2.3134801	1.4653202	0	Undetermined_cells	15.301632	1.2858407	0	-2.7658088	0.44146106	0
28_1	-3.0759597	2.158239	0	Human	10.530501	3.384928	0	3.0308425	-2.2349029	5
28_2	-4.6934686	2.6481514	0	Human	7.5311155	-0.3420988	1	3.1874418	2.7333589	3
28_7	5.735067	3.3571782	1	Undetermined_cells	12.371903	1.9603808	0	-3.4271557	3.1748536	2
28_14	4.101653	4.442313	1	Mouse	10.495215	-4.4019322	1	-0.62053996	1.1713634	4
28_17	3.193488	0.52624375	0	Mouse	4.8026624	-3.1282706	1	1.2341723	-0.6568475	0
28_20	11.27609	8.315495	2	Mouse	13.088502	3.0621955	0	-4.1068172	1.0503589	0
28_24	10.02915	0.45091093	1	Mouse	12.656504	1.8475428	0	-5.290247	-2.20622	6
28_36	-3.7813435	3.8565602	0	Human	11.234161	6.9006734	0	2.844987	3.7987642	3
28_39	-1.7345068	1.4134549	0	Human	4.1787825	8.894831	2	2.5876331	3.4064784	3
28_43	7.0491567	-0.39131653	1	Mouse	6.2598143	-0.7135266	1	3.614129	-3.5158556	5
28_44	12.137217	-0.053351507	1	Mouse	2.4785144	9.352438	2	-2.3900476	2.1091394	2
28_55	8.410394	9.085936	2	Mouse	6.106712	0.9201309	1	-4.551686	-1.8274746	6
28_83	-2.5068972	0.6338846	0	Human	5.305627	7.1258154	2	2.0119994	2.9669497	3
28_99	14.114226	1.5531769	1	Undetermined_cells	16.242407	4.800611	0	-3.0529335	2.932483	2
28_101	12.368385	4.1131525	1	Mouse	7.433428	-3.2862399	1	3.249596	-3.179018	5
29_4	9.6781845	-0.09732829	1	Mouse	12.564763	4.872419	0	-3.4731016	0.88296926	1
29_7	7.899799	9.213015	2	Mouse	14.662427	5.605367	0	2.1291072	0.045281153	4
29_13	7.172487	2.6000066	1	Mouse	13.156518	5.8156443	0	-1.5590827	-2.5030773	1
29_16	4.5530005	2.2426825	1	Mouse	7.5077577	3.5738876	0	-1.572749	-2.3564672	1
29_32	12.479937	2.5387776	1	Mouse	6.515054	0.38256013	1	-1.9287642	-2.0064015	1
29_58	6.1563873	2.458532	1	Mouse	6.5976853	-7.3939066	1	0.33498663	0.47550616	4
29_63	9.158574	3.6554768	1	Mouse	7.8520017	-3.6086805	1	0.026153335	-3.4127545	1
29_86	8.146216	5.4346337	1	Mouse	14.898086	0.45962182	0	3.1321476	-3.4944797	5
29_96	-0.27894315	2.4865274	0	Human	5.792136	2.3786263	2	3.6246998	1.8100306	3
29_99	14.557069	7.806201	2	Mouse	-1.6175966	6.181599	3	-1.9803303	1.6142321	2
29_107	11.371915	3.647857	1	Mouse	-1.2493743	7.0696864	3	-2.7406914	-0.3581494	0
29_110	9.631863	6.272131	2	Mouse	-1.8335842	7.078784	3	-0.45073926	2.5502956	2
29_111	9.07753	1.9875637	1	Undetermined_cells	15.06323	5.271951	0	-2.7748833	-4.3077683	1
30_6	12.900674	5.623863	2	Mouse	14.091219	-2.0296388	0	-3.2755582	-2.517233	1
30_14	7.9363194	8.990517	2	Mouse	12.046585	-0.055875126	0	-3.2508464	-1.1719197	0
30_18	7.2131715	3.4527938	1	Mouse	11.372176	-1.3703128	0	0.30213168	0.9997601	4
30_20	9.981207	7.4847956	2	Mouse	8.744038	-1.8684165	1	-3.5814757	-2.1991646	6
30_41	4.65428	7.156494	0	Mouse	12.481164	0.56259084	0	-1.8997644	1.0105008	4
30_45	-3.8609393	1.6159045	0	Human	4.7329464	6.194581	2	-6.1266947	-0.24611089	6
30_56	5.9745235	1.380068	1	Mouse	10.031402	1.4679176	0	-3.5513906	3.6092157	2
30_60	14.645006	5.135473	2	Undetermined_cells	16.21573	4.210396	0	-2.7283359	2.8592775	2
30_62	-1.8033763	1.7703153	0	Human	12.689914	1.5290998	0	2.2620404	1.6978415	3
30_68	13.86485	5.5634155	2	Mouse	5.4658127	-0.21659195	1	-4.8236346	2.9767213	2
30_73	9.059023	3.9457402	1	Mouse	9.901954	0.2696053	0	1.9060551	-1.3211105	4
30_74	13.118618	1.8317102	1	Mouse	8.836125	3.819203	2	-2.8233006	-0.2893423	6
30_76	5.1691246	7.206791	0	Mouse	15.999475	4.109247	0	-1.3511264	-2.1688123	1
30_80	5.1125565	6.999353	0	Mouse	8.2913685	1.6300089	0	3.3889594	-3.988363	5
30_82	10.835478	9.728271	2	Mouse	12.604501	3.632702	0	2.8901238	-3.9469864	5
30_86	10.276198	6.7653055	2	Mouse	9.2333555	-0.16367754	0	1.8866237	-4.6241326	5
30_91	13.017183	8.160574	2	Mouse	14.73053	3.1759205	0	-4.5808554	-0.6494427	6
30_92	10.6597805	7.600881	2	Mouse	9.6083555	-2.009405	0	-1.6947616	2.5861926	2
30_96	13.958692	7.9031873	2	Mouse	7.0576186	0.22213367	0	1.1063274	-0.6756169	6
30_99	8.983905	-0.8573494	1	Mouse	-1.686988	7.085751	3	2.1422818	-2.8125453	5
30_100	-0.8296888	2.9766614	0	Human	9.327583	5.5393715	0	1.9185797	2.449952	3
30_104	10.944894	-0.5077416	1	Mouse	7.1676607	-2.806577	1	0.09438881	-3.9696589	1
30_105	13.83558	1.464001	1	Mouse	17.065292	4.6573434	0	-1.4708186	-1.117539	0
31_5	15.272413	4.960265	2	Human	13.52563	1.7211146	0	-0.5396171	-3.1358309	1
31_6	10.709017	8.725551	2	Mouse	9.964064	-3.4806335	1	-2.7085457	-0.5531724	0
31_12	6.847547	0.932332	1	Mouse	10.561533	3.341858	0	9.991925	1.3999678	7
31_33	5.7582397	4.511015	1	Mouse	9.446424	2.5288854	0	9.868352	1.822862	7
31_34	-4.0602407	1.148768	0	Human	9.903968	5.809633	0	2.773822	1.9697566	3
31_41	7.2220187	8.639343	2	Mouse	9.684612	-0.8795005	0	10.185306	2.3104277	7
31_56	10.004326	-0.19824745	1	Mouse	12.114072	0.67738366	0	-1.1403191	-0.90380484	0
31_59	6.5618625	3.5124762	1	Mouse	13.608443	1.898272	0	-5.6516824	1.0883743	2
31_60	3.3645122	2.1736689	0	Mouse	10.918757	-2.9674184	0	-0.0055924356	-0.2546979	0
31_68	2.9057047	4.5419874	0	Mouse	11.218693	-2.8623462	0	-1.3954959	-1.1998757	2
31_72	6.32532	1.2068413	1	Mouse	6.453561	-4.686513	1	-0.85191834	-1.9034214	0
31_82	11.661032	8.276205	2	Mouse	9.878076	2.2908123	0	-6.2628474	-0.31132886	6
31_91	5.8573627	6.6953335	0	Mouse	7.2159	-5.829719	1	-3.3744197	1.3602757	0
31_94	8.517077	5.3925395	1	Mouse	11.4302025	2.764054	0	0.31663534	-2.2793524	0
31_101	14.883946	2.4840376	2	Undetermined_cells	14.165963	2.2986562	0	-1.501622	-2.3516076	1
31_109	9.220055	7.7759776	2	Mouse	2.1084418	9.293351	2	-1.615547	-0.22128658	4
31_111	9.254851	9.749055	2	Undetermined_cells	8.345863	-2.9840171	1	1.671468	-4.32809	5
32_5	1.7933735	2.7658024	0	Mouse	9.293067	-1.1157715	0	-3.4513059	3.5940745	2
32_11	-3.4548578	3.211399	0	Human	3.2759528	8.063878	2	2.6745274	3.6138396	3
32_26	8.38542	-0.73079276	1	Mouse	10.787887	1.4915309	0	-4.0196357	-0.7931824	6
32_46	10.415986	2.92782	1	Mouse	12.3334675	5.090098	0	-1.1078438	2.3666744	2
32_47	6.3321342	1.4366827	1	Mouse	7.2428637	1.2677997	0	-4.2176647	-1.5439477	6
32_51	0.3830383	1.54044	0	Mouse	5.575943	-5.1667714	1	-1.2337788	-1.8972646	1
32_56	9.128562	5.2414184	1	Mouse	15.421305	3.6441095	0	-2.134744	-2.2452438	1
32_62	12.509273	0.2590121	1	Mouse	12.0713	1.4070195	0	1.3783237	-0.20939197	4
32_65	9.909323	4.905758	1	Mouse	6.83334	-4.0947714	1	-6.206379	-0.8735627	6
32_69	11.15256	3.1655118	1	Mouse	14.032114	3.704611	0	-3.3722718	-3.175173	1
32_74	4.5025067	5.162964	1	Mouse	9.732824	-3.5555105	1	-1.2800896	-3.6171653	1
32_77	-2.8660655	2.0794857	0	Human	11.052024	1.3120633	0	2.333312	3.0830579	3
32_79	-2.1346376	3.5856817	0	Human	12.600407	4.255262	0	1.6476556	3.5525947	3
32_93	11.623199	4.1755853	1	Mouse	10.473641	-0.48568758	0	-4.016854	-2.2839725	6
32_94	-1.1120461	1.376054	0	Human	8.523784	5.600047	2	3.4987013	2.374744	3
32_95	15.415069	3.5312726	2	Human	8.127539	6.042271	2	-0.50283676	-0.51769346	4
32_100	12.395089	7.047329	2	Mouse	10.291105	-1.4883434	0	-6.593006	-1.3310311	6
32_101	11.566909	2.275807	1	Mouse	6.6379795	-1.9315519	1	-2.762063	-1.2055758	0
32_103	12.899735	3.0652316	1	Mouse	9.975982	-1.3948975	0	-6.409464	-0.84419256	6
32_110	5.1316752	7.5666237	0	Mouse	8.06697	-4.447789	1	-0.54178226	-0.5532372	4
32_111	9.513932	1.725066	1	Mouse	14.994483	1.7275687	0	-0.4434864	2.3286102	2
33_12	2.9919918	4.875551	0	Mouse	13.863889	1.1260285	0	1.2017924	0.7054572	4
33_23	15.002198	5.621985	2	Mouse	14.03866	-0.59119177	0	-0.32407898	-0.33654997	0
33_27	0.793384	1.6244078	0	Mouse	9.358406	-0.9759278	0	-0.8402735	-0.20147009	4
33_30	9.995946	7.6732183	2	Mouse	7.972369	-1.6577703	1	-0.73710257	-2.7952275	1
33_39	11.318971	1.5862584	1	Mouse	-1.8875363	7.496844	3	-3.0137079	-1.7395767	0
33_41	15.354951	3.5302312	2	Undetermined_cells	11.793058	6.405664	0	-4.1150312	-0.42912942	6
33_42	4.4382463	6.7158017	0	Mouse	6.665045	1.5341434	1	0.742774	-2.5438972	1
33_48	6.281216	7.662979	0	Mouse	13.9642	3.525307	0	-0.7758479	-1.7162642	0
33_53	12.961397	3.305612	1	Mouse	13.088844	5.6492286	0	-1.9142759	3.1777365	2
33_59	-4.0730047	2.3016193	0	Human	10.208016	5.9090185	0	1.9067842	2.6213558	3
33_65	10.404404	6.72272	2	Mouse	10.797523	1.4051642	0	-2.018522	0.9537203	0
33_66	11.647193	4.740696	1	Mouse	6.26379	1.0849199	1	1.8215188	-3.52097	5
33_77	14.223483	6.780635	2	Mouse	11.217817	1.8159946	0	-2.6196208	-2.101092	1
33_80	7.1867523	5.1247463	1	Mouse	13.58713	-0.9805901	0	2.4436438	-4.372914	5
33_81	11.531776	0.92628944	1	Mouse	14.807258	-0.06342993	0	-4.8560534	-0.17536356	6
33_83	-2.516965	0.99831754	0	Human	10.546142	0.11332975	0	3.6699815	3.7813232	3
33_84	-0.8203254	1.2496378	0	Human	9.5536585	3.0417624	0	2.959166	3.3241475	3
33_97	10.805954	7.1856246	2	Mouse	-1.3585072	6.1987906	3	-0.61146295	0.9686284	4
33_98	-0.9137561	1.192554	0	Human	5.288705	9.509175	2	3.1796918	3.9044082	3
33_100	14.695563	4.9094753	2	Mouse	3.3753183	6.6016636	2	-1.001103	0.69800997	4
33_106	2.5652924	4.197004	0	Mouse	8.676446	5.3420906	2	-1.5486933	-0.6823797	2
33_108	15.008772	2.5222983	2	Mouse	13.177751	5.498506	0	-4.2092843	-0.8851652	6
33_110	-1.1041613	3.276765	0	Human	8.528635	6.668919	2	2.3279512	3.5385647	3
33_111	10.853832	3.2075527	1	Undetermined_cells	8.322138	-2.6294723	1	-4.6274004	-0.9073814	6
34_9	8.69682	8.065959	2	Mouse	-1.0800074	7.553195	3	-2.8013175	3.563902	2
34_10	10.738563	7.2353873	2	Mouse	10.810871	7.2334094	0	0.47503138	0.04559681	4
34_19	6.3891616	8.686858	2	Mouse	11.257905	0.44464454	0	-0.12585168	-1.7113432	0
34_20	0.68579286	1.3930966	0	Mouse	9.482391	-2.2507472	1	-0.25067854	-0.6531453	4
34_42	13.824975	8.93094	2	Undetermined_cells	15.331841	1.1946704	0	1.2487394	-3.022041	5
34_44	6.0140867	3.794155	1	Mouse	6.431475	-3.7078104	1	1.8218656	-2.2660859	4
34_50	5.006831	1.0365597	1	Mouse	8.7623415	-3.433821	1	-3.6018343	-1.2607214	1
34_56	-1.1828017	3.1119561	0	Mouse	8.398057	-4.587731	1	10.099088	1.2176235	7
34_62	11.031837	2.8810508	1	Mouse	10.267339	-4.599065	1	-1.7010394	0.9943243	4
34_70	-1.4159628	1.2955474	0	Human	9.614064	4.1524034	0	2.207476	3.825511	3
34_75	7.9077497	8.684844	2	Mouse	11.287177	3.8552895	0	0.12241582	-1.5724415	0
34_84	13.6474695	8.674064	2	Mouse	10.590744	3.6750207	0	0.13498303	0.14485587	4
34_87	12.659732	0.22636238	1	Mouse	8.744952	-1.3805014	1	-4.4429007	1.157951	0
34_89	2.8579156	1.5735782	0	Mouse	9.636726	2.0911992	0	1.1837465	-0.12027185	4
34_90	10.074024	6.226991	2	Mouse	9.812705	-0.29776827	0	-0.7275383	-0.93039536	4
34_95	-4.074351	1.9034569	0	Human	6.3380675	6.174754	2	3.6728551	3.2013178	3
34_109	5.4827256	-0.60069895	1	Mouse	4.7549477	-2.6664863	1	0.58780754	-1.3653613	0
35_2	13.542264	7.7763414	2	Mouse	8.478235	-5.8393683	1	-6.334549	-0.99992824	6
35_6	5.908113	6.653073	0	Mouse	7.316706	-1.2322309	1	-2.5580754	1.0606023	4
35_22	13.220825	1.8930448	1	Mouse	5.3679214	0.30579862	1	-3.5511057	0.042751472	6
35_25	9.311564	9.640891	2	Undetermined_cells	9.691314	5.0126014	0	-1.9046174	2.7801394	2
35_26	4.8949137	6.755088	0	Undetermined_cells	8.673177	2.9794087	0	-1.5553416	-0.9678673	0
35_29	14.388044	5.7610908	2	Mouse	15.739828	4.56964	0	1.9675913	-3.4819849	5
35_49	5.8976045	-1.6466826	1	Mouse	8.729126	0.59376335	0	-3.1457372	-1.3823261	0
35_53	11.735481	2.2850153	1	Mouse	7.261324	-3.713558	1	-0.3748937	1.8155026	2
35_58	12.825829	7.003883	2	Human	-0.6571626	7.7851233	3	-2.4291563	1.113708	4
35_62	1.2493775	3.5079272	0	Human	5.379109	9.61199	2	-2.7439234	2.457296	2
35_65	2.139317	0.3792594	0	Mouse	7.2048197	-0.5939592	0	-1.2627676	-2.2887597	1
35_67	11.037405	8.076926	2	Mouse	12.351155	0.30858225	0	-3.10106	0.4019313	0
35_71	5.859305	2.8576894	1	Mouse	7.2598953	-1.5758462	1	-0.46194494	-2.671545	1
35_81	11.766005	8.569825	2	Mouse	10.637072	-1.4586964	0	-2.4735348	-2.7183576	1
35_87	3.135185	2.1449537	0	Mouse	6.8450246	-4.1433973	1	-6.521801	-1.305425	6
35_91	13.9980755	5.347334	2	Mouse	-1.9709989	7.6681924	3	-4.98485	-2.4500496	6
35_92	3.6071675	1.568639	0	Mouse	8.486496	0.45978728	0	-5.5079904	0.027726287	6
35_94	14.746405	6.514342	2	Mouse	8.263545	5.73465	2	-1.1899359	1.8057791	2
35_99	12.025745	3.5526478	1	Mouse	3.705488	8.050788	2	-5.636396	-1.2974607	6
36_2	8.304729	8.709251	2	Mouse	11.496548	2.3777022	0	-0.3333364	1.2475408	4
36_20	-3.8192236	1.1918566	0	Human	12.598791	3.5579255	0	3.288668	2.3060195	3
36_25	2.9925766	3.8682783	0	Mouse	8.506767	-1.6763586	1	-3.5870013	-3.079341	1
36_32	5.0125165	8.009266	0	Mouse	8.044986	-0.83781934	1	2.0938783	-4.640129	5
36_65	12.818424	8.348983	2	Mouse	7.9310007	1.4928814	0	0.52928025	1.2023653	4
36_67	-1.9998449	1.5341666	0	Human	16.10024	4.5610933	0	2.9261699	3.6521606	3
36_68	12.889361	6.7833643	2	Mouse	7.674733	0.97015923	0	0.50163233	0.48147836	4
36_69	11.975211	4.6445355	1	Mouse	12.040736	0.9872419	0	-6.4680543	-0.7660375	6
36_77	12.523918	2.8117943	1	Mouse	11.802303	4.6398764	0	-1.9570503	0.120553724	4
36_78	5.7762947	6.956106	0	Mouse	6.074344	-3.470681	1	-1.5174266	0.62688434	4
36_88	-2.3458128	1.430405	0	Human	5.7433968	7.7002535	2	3.4521732	3.782818	3
36_98	10.913268	0.495898	1	Mouse	6.790771	-2.6431265	1	1.5312781	-1.578698	4
36_101	7.799577	5.686403	1	Mouse	7.527356	-2.8097956	1	1.4331155	-2.3082216	1
36_107	12.419141	9.490588	2	Mouse	10.563646	1.4729176	0	-1.743415	-3.3060439	1
36_109	7.5574226	9.0064125	2	Mouse	5.3302894	-5.1590905	1	-0.3731598	0.6900515	6
37_2	6.0280194	5.6454115	1	Mouse	13.706355	-0.77524036	0	-3.4166293	-3.6020262	1
37_6	3.3834617	-0.20461054	0	Mouse	8.696244	0.6525705	0	-2.41673	-1.8564119	1
37_8	10.402263	1.9967784	1	Mouse	10.857043	6.4971433	0	-1.8803596	0.77354604	0
37_11	10.295192	9.7772455	2	Mouse	5.315343	-5.257785	1	-2.4508626	-4.1052327	1
37_13	3.6778677	0.32957095	1	Mouse	11.388485	-0.36697543	0	1.570587	-2.1557593	1
37_16	2.9079788	4.7708955	0	Mouse	7.5771127	2.6202483	0	-0.28097343	0.9081164	4
37_17	-4.19992	1.1777115	0	Human	10.201526	3.796466	0	1.8285967	3.4246705	3
37_25	8.316738	8.487115	2	Human	-1.8550874	7.8020453	3	0.9129806	-3.106919	1
37_29	-3.362133	3.3600602	0	Human	14.611242	-1.5030344	0	3.3760269	1.2577578	3
37_36	5.25258	6.81368	0	Mouse	6.518572	-1.684353	1	-0.6574197	-1.59704	0
37_39	13.358656	9.239715	2	Mouse	9.992393	1.2284123	0	-2.824001	-2.0748308	4
37_42	-1.9938623	3.840968	0	Human	5.717545	7.685227	2	10.350004	1.7814825	7
37_48	9.014603	5.2170243	1	Mouse	13.179705	0.9890068	0	-4.276267	-2.5937655	6
37_49	3.9341848	6.288539	0	Mouse	5.941027	-4.6467237	1	-1.6682591	-1.6365821	1
37_55	4.5297184	6.418061	0	Mouse	12.08989	-1.7427874	0	3.0754719	-3.8507066	5
37_59	7.029364	3.7632093	1	Mouse	7.875292	-0.7642756	1	2.6026015	-0.94434077	4
37_64	13.27873	4.272257	1	Mouse	10.25317	-1.2204388	0	-0.9526047	3.025181	2
37_66	11.602514	4.3702216	1	Mouse	6.9150867	1.9259282	1	-5.9040465	-1.3386723	6
37_67	8.603156	-1.194406	1	Mouse	11.7988205	0.10037972	0	-3.0735154	1.1788509	0
37_79	10.9908	2.37164	1	Mouse	9.472155	-0.066826515	0	-2.1771796	-2.0807655	1
37_109	8.074641	8.767082	2	Mouse	7.8696995	-3.0767474	1	-3.1648266	0.090231106	0
37_111	3.1834288	5.0330734	0	Undetermined_cells	15.984695	1.3927807	0	1.4307917	-0.06545434	4
38_2	7.212905	9.126035	2	Mouse	11.134746	-0.78483874	0	-2.8581429	1.9178615	2
38_8	9.641014	-0.40147302	1	Mouse	12.319578	-2.0417316	0	-3.7019787	-2.5554676	6
38_23	2.077065	2.4021838	0	Mouse	13.499686	0.45855343	0	9.912058	1.1958419	7
38_26	7.0785017	4.749486	1	Mouse	10.71651	-1.2197458	0	-3.435356	-1.0799255	0
38_29	15.077439	5.2798796	2	Mouse	15.080363	3.3845327	0	1.5906291	-2.1819692	1
38_31	5.648411	5.2268486	1	Mouse	12.199565	1.8180674	0	-2.5255675	1.1154574	4
38_34	7.6573286	-0.6247001	1	Mouse	4.8824844	-2.9969246	1	0.34442833	-0.017144946	4
38_47	-4.458989	2.8973927	0	Human	5.9263988	4.4892755	2	2.2512834	2.9380705	3
38_50	6.4391556	0.86686033	1	Mouse	7.9709272	-5.111991	1	-2.562889	-1.6378052	1
38_56	4.0736227	-1.0179621	1	Human	7.108059	6.5165434	2	2.4767754	2.1464872	3
38_57	6.5935836	4.460618	1	Mouse	11.195213	4.43326	0	-5.036724	1.7149581	2
38_59	3.0878706	2.6546252	0	Mouse	9.032539	1.7690578	0	-1.8323926	1.5660176	2
38_61	2.3476	0.69292223	0	Mouse	10.378611	2.9934852	0	2.155986	-2.3245578	4
38_64	11.056048	7.318208	2	Mouse	11.700664	0.31525803	0	0.5505005	0.45968133	4
38_74	2.8073537	4.549476	0	Mouse	16.988354	4.1493607	0	2.2394025	-1.7898202	4
38_86	6.7025895	-1.5017269	1	Human	12.366318	6.577525	0	1.407329	2.0840557	0
38_90	15.51482	4.204757	2	Undetermined_cells						
38_93	13.545429	4.5857596	1	Mouse	7.350415	1.9283601	1	0.54355097	-0.40226975	4
38_106	13.639057	6.272136	2	Undetermined_cells	12.538185	1.357867	0	-1.0763583	1.6447532	4
38_112	-0.23027642	1.5057416	0	Human	15.689131	1.681098	0	1.4220865	3.5303872	3
39_3	11.259428	7.4204197	2	Mouse	11.822024	5.875127	0	-4.466633	-2.2312346	6
39_6	0.5872229	1.3423332	0	Mouse	5.8870115	0.43957478	1	-2.8388276	0.12687382	0
39_21	4.338436	4.016566	1	Mouse	13.627041	5.2209325	0	3.5557153	-3.9157262	5
39_25	3.7271934	4.1120524	1	Mouse						
39_26	7.691625	1.6206427	1	Mouse	14.907604	5.7277026	0	-5.200784	-1.9625524	6
39_35	0.74799556	2.2921412	0	Mouse	10.657375	-3.6668065	1	-4.3422766	1.0785648	0
39_37	8.246828	7.5486	2	Mouse	10.845574	5.0678444	0	0.14361063	-1.590519	0
39_39	4.3813176	2.9928956	1	Mouse	13.622719	1.305276	0	3.2826145	-2.8393176	5
39_43	12.15337	7.1050797	2	Mouse	6.187346	0.7139263	1	-1.5853008	-2.6486294	1
39_44	11.554638	9.643426	2	Mouse	7.7400117	2.5240834	2	1.3559455	-2.6068962	1
39_47	-2.8950992	2.900697	0	Human	4.4568586	6.267176	2	2.3858414	2.67573	3
39_63	14.8493395	7.9408503	2	Mouse	8.64066	0.087127745	0	-5.3772373	-2.3388593	6
39_64	14.636967	8.446415	2	Mouse	7.429875	5.718417	2	-2.6472893	-2.646522	1
39_68	14.724548	8.288177	2	Mouse	14.02744	4.80235	0	-0.41266575	-2.2052958	1
39_75	-2.2393217	2.7381775	0	Human	12.764427	2.5174518	0	2.9487193	2.996675	3
39_86	11.259266	3.9147406	1	Mouse	8.0334215	-2.9357045	1	-4.4555173	-0.06904601	6
39_89	9.486659	6.3756742	2	Mouse	7.213668	-0.3659539	0	-0.028441202	-0.5749015	0
39_93	4.091043	-0.8951576	1	Human	9.32062	4.358483	0	2.514594	3.540764	3
39_94	-1.1599598	3.3593116	0	Human	6.8389726	5.697744	2	3.7606936	3.8719652	3
39_100	5.9695787	5.7409925	1	Mouse	7.6648846	-3.7509434	1	-2.5130713	-3.085006	1
39_111	13.330672	3.7596722	1	Undetermined_cells	16.199646	1.2984363	0	-2.0618715	-2.805921	4
40_6	3.2839715	3.9900448	0	Mouse	11.09451	1.3273178	0	3.3878999	-3.512886	5
40_12	3.0658007	1.6166401	0	Mouse	-1.9156425	7.678481	3	-2.0079236	-3.4906063	1
40_13	5.5741014	4.9642067	1	Mouse	7.915143	-5.7145104	1	1.1615835	-3.0200436	1
40_17	7.4930964	6.429155	1	Mouse	10.954301	0.049564246	0	1.0311952	-2.8882575	1
40_24	-4.5547996	1.692162	0	Human	9.80765	5.5098944	0	3.3705654	3.027726	3
40_35	7.432479	0.88401264	1	Mouse	14.640228	-0.27045313	0	-0.29846248	-2.1900084	0
40_40	5.093874	5.07773	1	Mouse	7.4903636	-0.18717138	0	-4.3225765	-2.7186434	6
40_46	1.9482143	4.2553964	0	Mouse	9.243244	-0.664743	0	1.4930513	0.12980467	4
40_53	9.477893	8.9222765	2	Mouse	4.545508	-3.3227065	1	-5.2786384	-1.0830154	6
40_55	7.9071116	4.8546853	1	Mouse	12.937858	-1.7257572	0	-4.2347836	-0.24720405	6
40_58	6.779629	2.3494346	1	Mouse	9.15225	2.5860915	0	-4.4472756	1.8395847	0
40_60	9.429745	5.2762804	1	Mouse	5.1139812	-4.9913287	1	-0.030349579	-0.53585917	4
40_63	4.9673395	1.1667907	1	Mouse	7.8757358	0.24606876	0	-3.6953177	-2.3418448	1
40_73	10.934577	3.574016	1	Mouse	11.795859	-0.15663838	0	9.83878	2.1846118	7
40_75	11.889985	-0.048508227	1	Mouse	5.8896227	-3.1858299	1	-0.27517584	-1.2124324	0
40_77	13.119369	0.6360704	1	Mouse	5.9888744	7.4008956	2	1.7730755	-2.6312778	5
40_80	7.066897	5.0192523	1	Mouse	-0.8610703	7.5830593	3	-1.4514223	2.0041685	2
40_81	13.036795	2.5323513	1	Undetermined_cells	9.251426	-5.2083554	1	0.5592436	1.1280522	4
40_86	-0.14738071	1.818054	0	Human	10.172612	6.1740527	0	0.8102105	3.161648	6
40_87	14.982443	2.6656508	2	Mouse	9.621834	0.84278315	0	-4.7346277	-2.3933628	6
40_88	2.002531	2.1346345	0	Mouse	13.757902	-0.79312336	0	-5.2281175	-0.08585117	6
40_98	11.325529	1.4160653	1	Mouse	7.629889	-4.953338	1	-4.211179	0.6263092	0
40_103	-0.16211478	2.410595	0	Human	5.831656	6.011384	2	0.9634917	3.303149	3
40_108	1.7446232	0.173422	0	Human	9.379827	4.535453	0	-5.6844544	-0.63881916	6
40_110	-0.8926103	3.2516055	0	Human	13.184517	3.3113737	0	3.4369974	3.2045376	3
41_2	0.9655582	1.2815912	0	Undetermined_cells	11.075507	-0.8564426	0	1.5694664	0.19655298	4
41_24	4.6602793	4.6626177	1	Mouse	14.2038765	-2.0967834	0	-0.72404426	-1.8579718	0
41_32	10.676005	0.8246616	1	Mouse	12.464291	-0.048673615	0	2.6634088	-3.081058	5
41_36	5.7548084	8.344925	2	Mouse	4.636075	8.559241	2	-2.5201316	0.8263075	2
41_42	10.045528	5.8759656	2	Mouse	10.323205	-0.671801	0	0.04405077	0.7541643	4
41_47	-4.436837	2.6214273	0	Human	9.974825	4.5790668	0	3.158869	0.76171273	3
41_59	10.928079	9.082568	2	Mouse	13.868623	0.37060714	0	-3.9515402	2.1167352	0
41_66	12.142609	3.0317702	1	Mouse	6.330915	-6.24003	1	10.009608	2.5069752	7
41_77	13.066703	5.565044	2	Mouse	7.8307033	0.6030065	0	-2.8534622	-0.8687242	0
41_83	13.05204	7.1370234	2	Mouse	11.443931	6.7415414	0	1.6870152	-4.1505065	5
41_85	2.0855742	3.2948115	0	Mouse	12.768278	-0.9289089	0	2.4382577	-0.07405371	4
41_87	7.199861	6.4464073	1	Mouse	13.505032	2.8262582	0	-0.576958	2.2682343	2
41_94	10.916691	7.6036325	2	Mouse	6.8757253	-2.0871575	1	-2.1628973	-3.8718147	1
42_2	5.308564	-1.1878432	1	Mouse	14.516664	-0.0017632149	0	-2.2120597	1.1145579	4
42_4	6.704697	-0.74579465	1	Mouse	12.522554	4.7333584	0	-0.71474093	2.7771213	2
42_5	4.759462	7.783543	0	Mouse	11.017804	3.6691463	0	-2.935119	3.195498	2
42_6	7.7688413	-1.5301157	1	Mouse	8.874895	-4.788008	1	0.40490746	-1.8755819	0
42_13	7.7199326	7.5902977	2	Mouse	12.682988	-1.2573488	0	-3.2000139	-2.5108485	1
42_17	4.336104	2.708429	1	Mouse	13.442184	-1.9527942	0	1.0194942	-1.1662083	4
42_26	5.460291	-0.30148876	1	Mouse	7.849128	2.7636786	0	-0.36157498	-0.8415993	4
42_31	3.3701167	6.537728	0	Mouse	7.9731665	0.42410624	0	3.4387734	-3.364015	5
42_41	6.6899405	1.0353283	1	Mouse	12.74602	-1.4696809	0	1.0002229	-3.3793883	1
42_55	10.663488	9.10636	2	Mouse	7.487243	-4.7928224	1	-1.1474019	0.39056528	4
42_60	-4.373027	3.1376925	0	Human	5.5298724	-1.0280824	1	2.943164	2.0592847	3
42_65	-1.3924258	1.7526025	0	Human	11.813768	5.2277083	0	3.1153686	3.8799484	3
42_67	4.2446423	2.4296186	1	Mouse	11.737179	2.0022173	0	-6.4712505	0.25542423	6
42_72	3.7201993	5.6443186	0	Mouse	9.120975	-2.0732515	1	-4.264394	1.8570944	0
42_79	13.747529	7.531747	2	Mouse	5.2429857	-0.03044	1	-5.151931	-1.6047294	6
42_84	10.668691	7.685939	2	Mouse	12.894743	-1.5368465	0	2.5715544	-3.5525668	5
42_87	7.880028	6.099591	1	Mouse	7.194215	-5.136339	1	2.4487004	-2.8752778	5
42_88	12.998877	8.827548	2	Mouse	7.894485	-0.040656526	0	-0.80212736	-3.8059244	1
42_94	9.91431	2.2317815	1	Mouse	11.445676	1.2601587	0	-0.25725183	1.8084999	2
42_102	14.074882	7.9087925	2	Mouse	-1.4010001	7.3945036	3	1.9068087	-3.961969	0
42_103	9.166861	4.0739946	1	Mouse	10.059058	-0.4012123	0	-0.68801963	-3.7410958	1
42_108	12.317598	6.4144745	2	Mouse	12.323726	2.1373656	0	1.3421706	-1.8022175	4
43_9	10.715502	0.9565656	1	Mouse	4.986033	9.484951	2	0.8244907	0.2691488	4
43_12	5.3460665	1.0945029	1	Mouse	-1.2578292	6.5794578	3	3.649612	-3.253542	5
43_21	9.314853	8.054605	2	Mouse	13.816616	3.3907187	0	-4.7267194	-2.592618	6
43_34	2.5815227	4.649154	0	Mouse	13.375451	3.3276484	0	0.048251383	-2.6104026	1
43_44	-1.9106808	0.7371526	0	Human	12.348361	3.0673246	0	-2.648737	3.1635425	2
43_45	13.617542	1.0328214	1	Undetermined_cells						
43_46	10.553141	9.16112	2	Mouse	12.743226	0.13478036	0	-0.7091784	-3.2239456	1
43_61	5.1753273	-0.36345953	1	Mouse	12.733557	-1.5712755	0	-0.7127173	1.2985412	4
43_64	12.996555	0.43351287	1	Mouse	7.2657723	3.1596656	0	2.2250056	-3.5768147	5
43_80	8.798026	8.264128	2	Mouse	7.734515	4.2071967	2	3.2937813	-3.5889628	5
43_81	12.306542	6.7822413	2	Mouse	12.636421	5.246354	0	-2.6813393	-1.5892081	0
43_84	11.186062	9.733314	2	Mouse	5.8108306	1.5183848	2	-1.432388	3.3180609	2
43_89	13.718325	1.0895083	1	Mouse	14.146634	-1.8405483	0	-0.45999894	-1.9818175	0
43_94	6.6303835	5.244677	1	Mouse	10.376636	-2.8197477	0	0.24004161	-2.3409593	0
43_100	7.0283074	3.7021863	1	Mouse	14.135341	-1.5099645	0	2.4530392	-1.1481428	4
43_105	10.568774	4.1945877	1	Mouse	9.399161	1.0070647	0	1.2808981	-2.3092768	1
43_109	7.4142485	-0.32360044	1	Mouse	9.398054	-2.8080566	1	0.45104128	-2.6224036	1
43_110	8.371339	1.4615635	1	Mouse	12.844481	-0.93898267	0	0.21948023	1.3182988	4
44_7	5.8717275	4.838764	1	Mouse	12.222317	0.084016964	0	-2.7062976	-2.9003358	1
44_9	8.959876	-0.76164937	1	Mouse	4.8930097	9.556948	2	-2.4552944	0.22663324	0
44_26	1.5030179	3.3676884	0	Undetermined_cells	9.264772	4.668078	0	1.715459	2.486362	3
44_28	7.5349827	-0.76503855	1	Mouse	2.75159	9.510955	2	1.6542484	-0.90759474	4
44_37	5.7410774	4.645291	1	Mouse	5.8405433	-4.060397	1	-1.0580652	1.835871	2
44_38	12.304264	2.2822535	1	Mouse	11.640316	5.3326077	0	-0.79779595	-2.7007947	1
44_46	6.0267205	-1.0502841	1	Mouse	9.998229	2.4566252	0	1.0646559	-2.076685	1
44_57	4.874345	3.1620169	1	Mouse	6.3660216	-4.002976	1	9.913996	1.5609753	7
44_61	-3.924329	3.887021	0	Human	10.70273	6.3041654	0	1.0785601	3.1188293	3
44_69	5.6727657	4.121876	1	Mouse	5.87066	-4.014803	1	-1.171877	1.1461954	4
44_71	11.495546	4.266174	1	Mouse	7.457734	2.108402	2	1.0572846	-1.7587484	4
44_73	6.760885	-1.6486589	1	Mouse	14.116252	-0.104191616	0	3.1594186	-2.9698603	5
44_80	12.156281	0.28232354	1	Mouse	10.861274	-2.0543456	0	-3.8776908	2.1242027	0
44_90	-2.826426	0.65008795	0	Human	7.3167257	4.8280306	2	3.8229303	-2.3054729	5
44_93	13.105818	3.316223	1	Mouse	5.561682	-2.7911108	1	2.8953025	-3.2513793	5
45_15	5.097393	1.6617024	1	Mouse	11.538322	-1.4998229	0	-5.2206407	-1.5836788	6
45_18	6.080945	1.3619683	1	Mouse	7.526075	2.86789	0	-4.6480694	-0.9852726	6
45_27	2.983184	6.466258	0	Mouse	16.101233	4.0019784	0	-2.2672577	-0.49141175	4
45_30	6.2327843	-1.1723377	1	Mouse	6.7965693	-5.1574817	1	-1.7010767	-0.012684424	0
45_37	9.241219	3.5575066	1	Human	7.620314	4.722107	2	-5.6694636	-1.2970338	6
45_43	8.148257	3.2229483	1	Mouse	12.960802	-0.1252559	0	-3.6433709	0.3997903	0
45_48	-3.4710495	3.5321553	0	Human	13.253374	2.3913171	0	-1.4533818	3.627653	2
45_55	11.4791155	1.0171285	1	Mouse	13.98035	1.1638317	0	-3.349063	2.0078788	2
45_59	8.135201	2.9991436	1	Mouse	9.513803	1.1195267	0	0.0058396463	-3.9752545	1
45_68	11.964399	9.279228	2	Mouse	9.48817	1.7931758	0	-0.993916	0.121024065	4
45_80	3.4122267	3.587975	0	Mouse	11.461163	4.0824823	0	-0.655699	-1.0254934	4
45_87	8.656013	0.64208025	1	Mouse	13.190879	1.7174404	0	-2.3368564	0.9926575	0
45_99	7.5877004	0.16008887	1	Mouse	9.845607	3.6869433	0	-1.5944997	-3.3229666	1
45_101	11.187322	0.75071156	1	Mouse	13.110125	3.4288363	0	-4.5154915	-0.7924584	6
45_106	-1.3507799	3.2930915	0	Human	9.03773	5.118454	2	3.8179216	-1.740873	5
45_109	6.715415	-1.5794036	1	Mouse	9.828126	-2.8426118	1	0.9580942	-2.9454541	1
45_111	13.094552	2.7353437	1	Undetermined_cells	16.108627	1.5676975	0	-0.36830825	-2.3255007	1
46_5	4.3941026	0.1714661	1	Mouse	8.540103	-0.42510206	1	-1.9247279	-4.1920085	1
46_9	7.568904	-0.19279483	1	Mouse	5.2257013	9.792125	2	0.15741846	1.3505672	4
46_12	-3.3629737	2.8969543	0	Human	5.0768056	9.029601	2	3.1167634	4.2814107	3
46_15	8.953768	4.1894193	1	Mouse	14.285145	3.466146	0	-2.7557995	1.1924075	4
46_21	8.162634	1.3309221	1	Mouse	9.355429	-2.117726	0	-1.301604	-1.352845	2
46_25	5.063043	0.06242039	1	Mouse	4.9214687	-4.6702256	1	-6.0154104	-1.8784735	6
46_41	-1.6733683	1.6027095	0	Undetermined_cells	6.729131	-7.2524996	1	3.4699502	-2.1794095	5
46_43	-3.9171312	1.3394945	0	Human	9.210259	1.2883152	0	3.6549785	3.4840276	3
46_59	5.5087004	4.058729	1	Mouse	8.027109	0.76027215	0	-3.2260952	-1.2822695	0
46_65	-2.5607293	4.035636	0	Human	9.322831	4.260662	0	3.857304	2.0976613	3
46_69	7.369354	-0.3776858	1	Mouse	5.656428	-4.710892	1	-1.9163915	-1.4415969	4
46_74	12.069965	8.320877	2	Undetermined_cells	11.985835	5.789815	0	-2.6063921	0.61647767	4
46_95	-2.5213497	1.0443119	0	Human	7.9376626	4.178949	2	3.1506832	1.9514767	3
46_102	9.869629	-0.2673725	1	Mouse	13.952766	3.0292053	0	1.1033759	-3.8404288	5
47_4	4.0816894	0.300333	1	Mouse	17.382292	4.1841884	0	0.21860963	1.0271499	4
47_8	-2.7484996	3.4987192	0	Human	4.1797137	8.473863	2	3.9402175	2.9782994	3
47_27	7.6742496	0.047300152	1	Mouse	12.196368	4.0245924	0	-3.8627036	1.4479395	4
47_31	14.1021185	4.468319	2	Mouse	9.466522	1.515556	0	0.30540085	0.25344887	4
47_33	1.9326512	3.9087708	0	Mouse	11.301218	-0.26151338	0	0.14039981	-0.12990603	4
47_45	8.744047	7.403281	2	Mouse	-1.3269911	6.28482	3	-6.5339518	-0.4531569	6
47_49	5.2786655	-1.1035384	1	Mouse	8.280661	-3.4942546	1	-1.2669483	-0.33612072	4
47_51	7.6242585	8.146074	2	Mouse	14.313154	0.045969095	0	10.380947	1.6498659	7
47_55	13.996887	4.9678845	2	Mouse	6.680377	-7.3584833	1	2.2808814	-1.565697	4
47_65	14.30309	4.6861663	2	Mouse	11.581823	4.221849	0	2.027343	-1.6672753	4
47_66	5.5210347	4.4882827	1	Mouse	13.276034	-1.1045417	0	-1.033245	-1.6833441	0
47_74	3.2120426	6.6847434	0	Mouse	4.6946735	-3.6927855	1	-1.8798249	-2.9644382	1
47_77	12.324499	4.799638	1	Mouse	13.130143	-0.5073123	0	-3.9059184	3.1593714	2
47_80	7.496667	2.8239396	1	Mouse	2.0959084	9.724142	2	-1.2584143	0.4296066	4
47_82	13.061092	7.192817	2	Mouse	11.565552	3.6605992	0	-4.6541796	1.4776419	0
47_87	11.682662	1.3135104	1	Mouse						
47_101	2.4783514	4.187523	0	Mouse	11.950003	1.3242881	0	0.937872	-0.7637814	4
47_105	8.114491	1.1295502	1	Mouse	13.878953	0.032150388	0	-1.5269022	1.0037448	0
47_109	-1.8019449	2.1185782	0	Human	5.363505	5.8081036	2	-1.9882314	3.7727559	2
47_110	15.197663	3.530211	2	Undetermined_cells	2.40402	9.156769	2	-4.7172885	-1.4832335	6
48_12	6.6573033	0.864227	1	Mouse	7.124831	-3.359932	1	-4.201386	-1.1122384	6
48_30	8.428126	-1.2582257	1	Mouse	8.705431	0.1969604	0	-1.5163485	-0.17701119	0
48_31	9.21243	3.3160002	1	Mouse	5.370997	0.15822984	1	-1.2729812	-0.97208494	4
48_36	11.806522	2.6673386	1	Mouse	13.475794	0.72774184	0	0.032764256	-1.7084944	0
48_39	-2.4408271	1.576222	0	Human	8.076097	4.305077	2	2.590647	2.478063	3
48_60	3.9453192	7.553709	0	Mouse	12.462677	2.1665773	0	1.4480091	-4.006465	5
48_61	-1.6504741	1.7618213	0	Human	4.026499	6.15605	2	2.5106547	4.0840807	3
48_63	8.121329	5.903341	1	Mouse	8.520912	2.0064087	0	-2.529216	3.5038502	2
48_65	6.6325793	4.9221797	1	Mouse	8.008633	-6.031431	1	10.061374	2.2282758	7
48_74	5.3906503	7.3197513	0	Mouse	10.782049	7.426199	0	2.1798751	-1.2550138	4
48_80	-1.8017787	3.329728	0	Human	4.892745	8.644696	2	2.3853793	2.2417645	3
48_85	9.258099	-0.879813	1	Mouse	3.5406032	6.4284973	2	-0.510385	-1.1857271	0
48_91	7.00761	6.614868	1	Mouse	16.700298	4.811893	0	0.020168392	-2.3343723	0
48_93	2.1050246	1.0056179	0	Undetermined_cells	6.9168844	-7.103934	1	0.4758267	-2.8382778	1
48_94	13.168001	6.6210384	2	Mouse	9.146253	6.139161	2	-3.7354383	1.8291719	2
48_97	5.754194	5.245009	1	Mouse	9.596183	2.186153	0	-3.748612	-3.0599444	1
48_109	14.890406	5.1899786	2	Mouse	11.633436	0.199901	0	3.855579	-3.2385159	5
48_110	8.264066	7.893062	2	Mouse	16.969625	5.0050445	0	-2.67336	-1.4648553	0
49_40	8.524217	8.508763	2	Mouse	13.871401	4.1313596	0	-3.9019518	-1.705297	6
49_54	10.635683	9.842391	2	Mouse	14.242506	4.1141973	0	-0.638781	-0.39096868	4
49_81	12.895411	5.9939036	2	Mouse	14.329795	5.2161117	0	-2.4508207	0.6215007	4
49_88	6.338072	5.4514546	1	Mouse	14.0373535	-2.213116	0	-0.17100808	-0.5501561	4
49_90	10.854345	7.092385	2	Mouse	4.971198	-4.5967216	1	-6.0610385	-1.659691	4
49_91	10.69898	6.48996	2	Mouse						
49_106	9.162236	2.9321527	1	Mouse	9.305353	-2.92129	1	2.73979	-2.5690303	5
49_108	-3.2642817	1.3295486	0	Human	9.287621	3.4805315	0	3.8463233	2.894591	3
49_109	11.656136	2.0206268	1	Mouse	10.108031	-3.7329848	1	0.8846225	-0.52342105	4
49_112	-2.3206854	3.4291422	0	Human	5.452604	9.212265	2	3.1110964	1.7541761	3
50_5	7.361727	1.9289813	1	Mouse	6.90176	-2.8940296	1	10.160372	1.5948979	7
50_13	3.93852	1.2710892	0	Mouse	10.293494	-1.7124441	0	2.0681996	-3.5397565	5
50_25	5.529471	2.145478	1	Mouse	11.142494	2.5371177	0	-2.318821	3.7926912	2
50_28	9.515733	2.706098	1	Mouse	6.274505	1.8927174	0	-0.8097849	-0.54290634	0
50_31	9.48947	6.160136	2	Mouse	7.07401	-1.2516876	1	-2.954809	-3.6671708	1
50_32	6.4847965	6.2480016	1	Mouse	12.687029	1.5781555	0	-0.22183721	2.2498133	2
50_43	-4.133912	3.474228	0	Human	7.812972	3.4922092	2	3.6202648	2.8135164	3
50_51	13.2660475	5.819304	2	Undetermined_cells	17.205229	4.0426683	0	-3.0622668	-0.59842163	0
50_52	-4.2946224	0.9774542	0	Human	8.8168125	5.5731044	2	2.739051	3.7978137	3
50_59	14.8536415	7.5095296	2	Undetermined_cells	7.4411387	-5.6640577	1	-3.8989427	-0.20491634	6
50_63	7.0929723	0.6516071	1	Mouse	14.109319	3.5638034	0	-4.4312406	-1.7079798	6
50_70	1.2076737	2.290909	0	Mouse	7.090953	-3.1997995	1	-2.9158397	1.7447475	2
50_72	5.241525	2.0358627	1	Mouse	7.343476	-6.1421723	1	1.7266607	0.17724025	4
50_74	-3.2478373	1.9525459	0	Human	6.5713964	6.4011536	2	-6.618053	-0.63311726	6
50_76	4.4935193	4.0515895	1	Mouse	4.6716194	-3.6380928	1	-3.9230103	0.55769724	6
50_83	10.372867	1.6205456	1	Mouse	7.118387	5.523263	2	2.4305584	-3.850626	5
50_85	12.577681	2.0886211	1	Mouse	8.813323	2.3538082	0	-3.5697062	-1.8761017	6
50_89	8.174864	-1.2642965	1	Mouse	14.741586	5.6699786	0	0.54718685	-3.9140034	5
50_97	9.769798	6.9491816	2	Undetermined_cells	10.482512	6.624409	0	-0.11277651	-3.1613138	1
50_99	9.636819	9.287046	2	Mouse	6.478891	1.5479262	0	0.5993496	0.39565203	6
50_100	12.573259	3.3899128	1	Mouse	7.8003626	1.3325747	0	-2.1416633	-1.1451833	0
51_2	5.286922	0.28378135	1	Mouse	10.944876	6.897732	0	-3.681602	-0.5565469	6
51_6	6.1179976	6.0738845	1	Mouse	7.9427013	5.6305456	2	3.5819252	-3.7904074	5
51_7	2.3271134	0.90131867	0	Mouse	10.572977	0.08356269	0	-4.632918	1.6636938	0
51_11	2.7698784	1.5770396	0	Mouse	13.980948	0.47136247	0	-3.6909463	1.2654049	0
51_25	10.313205	8.552592	2	Mouse	12.017119	-0.8979982	0	-1.9186394	-3.4108102	1
51_31	1.8908279	3.187387	0	Mouse	6.856357	2.5644257	0	-0.4474146	2.593793	2
51_41	-4.787518	2.229299	0	Human	5.2784004	1.0246675	1	0.91306615	3.0504265	3
51_58	11.010372	3.7716143	1	Mouse	5.4193983	-3.7499433	1	-3.3032613	-2.9293041	1
51_62	-4.428932	1.4423128	0	Human	4.932486	6.293527	2	3.488019	2.0415225	3
51_76	8.900576	4.6667905	1	Mouse	8.653763	-1.8063211	1	-3.5429623	2.049705	2
51_95	7.5700326	-0.5779755	1	Mouse	8.343878	-1.9124537	1	0.8481699	0.6159421	6
51_96	7.8540807	1.6174927	1	Mouse	14.60134	-0.35469452	0	-0.947835	-3.8938906	1
51_102	5.4653125	7.5189896	0	Mouse	11.12554	-0.555315	0	1.8279283	-3.0163915	5
52_4	11.138022	7.2599792	2	Mouse	13.258332	5.720248	0	-5.938667	1.003817	2
52_6	3.2223597	1.3124694	0	Mouse	10.769789	6.3430643	0	0.59058464	-2.9477196	1
52_16	1.7976141	1.1794533	0	Mouse	14.336388	-0.49625078	0	-2.228603	-3.578856	1
52_20	4.6064744	0.48904496	1	Mouse	10.963563	-0.7904774	0	-2.8068225	2.1953712	5
52_39	4.938832	2.243825	1	Mouse	7.3923182	-3.3120708	1	-2.5311067	-3.3581789	1
52_40	7.144698	6.9443245	1	Undetermined_cells	4.7664795	6.0800915	2	-3.511726	-0.8641652	0
52_41	5.896865	4.0403953	1	Mouse	6.836055	-6.8679395	1	-2.2771575	-0.3289001	0
52_43	6.1041203	2.6071265	1	Mouse						
52_54	2.8734858	5.7303166	0	Mouse	13.271291	1.2819954	0	-4.8085394	0.8773886	0
52_60	5.451612	2.8186042	1	Mouse	9.894101	-4.720962	1	-5.733629	-0.33054316	6
52_71	13.209166	7.838914	2	Mouse	11.034098	4.157846	0	-0.67669284	-1.3502244	0
52_73	0.2225794	1.9145743	0	Human	5.23205	6.35286	2	3.2747185	-3.1229086	5
52_79	1.8050929	3.5167317	0	Mouse	6.7343345	-7.2767715	1	-0.56552786	0.50784856	4
52_81	-2.291432	1.7177255	0	Human	6.4855165	6.645503	2	-4.772891	2.2208705	2
52_83	10.244659	1.7193508	1	Mouse	9.54958	0.5580018	0	-0.7513974	-2.5570138	1
52_103	11.8004465	4.362365	1	Mouse	9.119018	-1.900899	1	-6.16305	-1.9286389	6
52_104	12.8869295	8.574114	2	Mouse	10.286792	2.5760157	0	-5.1432114	-2.6380546	6
52_106	4.130449	0.5323172	1	Mouse	8.609882	-4.3305373	1	-0.78142565	0.63343376	4
52_108	-1.2656136	1.2865463	0	Human	7.327228	0.3216368	0	3.7468147	1.9208329	3
53_12	5.975814	8.522501	2	Mouse	4.3722315	9.137104	2	-2.456417	-0.13408504	0
53_26	4.5161786	1.7679288	1	Mouse	8.7902565	3.2049341	0	1.9770347	-4.630382	5
53_34	-4.681164	2.806245	0	Human	-0.46029013	7.8707113	3	3.8988078	3.6294205	3
53_43	8.611385	1.6136061	1	Mouse	8.43224	-2.2538652	1	-2.425922	3.9018888	2
53_65	3.1219623	6.595532	0	Mouse	8.588607	1.9403186	0	-1.900266	2.187382	2
53_67	-2.0115364	2.5267997	0	Human	6.731533	4.6234245	2	1.7593762	2.4541643	3
53_68	11.00476	3.7740097	1	Mouse	8.373223	-0.5314411	0	-2.8100502	-0.53010964	0
53_74	7.519642	3.9135096	1	Mouse	5.7588863	-2.9502082	1	-3.3340912	0.03899639	6
53_79	5.2829175	-0.65934914	1	Mouse	8.040586	-0.06174095	0	-0.5678051	-2.4440913	1
53_80	-2.1742456	1.2851797	0	Human	3.878941	8.101801	2	2.078485	3.6031134	3
53_83	12.410526	3.9215434	1	Mouse	-2.0337808	7.789486	3	10.62347	1.6257622	7
53_88	-3.3277814	0.7665623	0	Human	7.338828	4.478404	2	3.1192358	3.5195115	3
53_92	7.371458	2.027859	1	Mouse	10.014655	-0.21989115	0	-0.42344302	-2.7987714	1
53_94	-2.6952722	2.9768062	0	Human	9.107745	4.0604444	0	2.7400599	3.1665118	3
53_99	5.092283	-1.5566008	1	Mouse	13.052049	-0.6766982	0	-5.2600675	-1.4199796	6
53_105	5.538556	3.163937	1	Mouse	1.9833646	9.400243	2	-2.452609	-3.6703157	1
53_112	-1.8809761	3.873868	0	Human	5.534463	8.72468	2	-2.4361615	3.0290308	2
53_113	-2.422812	2.300939	0	Undetermined_cells	5.4984517	9.53556	2	2.2480614	2.898532	3
54_27	4.5412707	0.92128867	1	Mouse	8.684629	-3.5015752	1	2.3447402	-4.509877	5
54_32	3.3073788	2.8051553	0	Mouse	6.5693445	-3.4412234	1	-2.0614445	0.07688615	2
54_34	-4.1942296	3.3960016	0	Human	6.995734	3.8207297	0	3.9887204	3.876788	3
54_40	9.133498	7.6154757	2	Mouse	10.73361	6.980177	0	-2.0799723	0.7500379	0
54_45	4.972291	0.8307272	1	Mouse	3.4005375	9.297382	2	2.4519043	-0.42093384	4
54_46	7.892868	-0.041884907	1	Mouse	10.224574	-4.53905	1	-1.3944594	0.7508606	4
54_58	9.601486	8.287305	2	Undetermined_cells	17.233408	3.9908059	0	-2.871398	-1.5279187	0
54_81	3.9022093	0.6379901	1	Mouse	14.239347	-0.46875745	0	-4.618252	1.3882334	0
54_88	-2.49487	3.8815517	0	Human	5.798209	2.3630269	2	3.4358335	2.2894666	3
54_96	11.06493	4.1245723	1	Mouse	12.107239	2.010785	0	-0.879949	-3.4085584	1
54_101	3.8537223	7.3043985	0	Mouse	13.5632305	1.9350098	0	3.79118	-3.578381	5
54_111	9.796928	6.8274965	2	Undetermined_cells	15.891945	1.7727336	0	-3.8631697	1.1119968	0
55_11	1.8040645	3.509603	0	Mouse	13.858621	4.517789	0	-3.0494273	2.5236504	2
55_59	2.2261412	2.3044803	0	Mouse	12.645456	6.22171	0	0.3455112	-3.8006773	1
55_69	5.2360806	2.4161067	1	Mouse	7.439957	-0.23209326	1	0.84650075	-1.0580815	4
55_79	8.89105	9.578119	2	Mouse	5.3440323	0.21437961	1	-5.767234	-1.9400712	6
55_88	7.6252503	-0.7764306	1	Undetermined_cells						
55_93	1.0959716	3.2433417	0	Mouse	9.119466	0.5707283	0	-2.61225	2.4843297	2
55_109	1.7851614	4.5677176	0	Mouse	5.2360435	-2.497226	1	-0.8738318	-1.2305112	0
