Cage_ID	Cell_Count_Cage
0_1	0
0_0	4
0_2	1
1_0	0
1_1	1
1_2	0
0_3	1
0_5	3
0_4	1
1_3	1
1_4	1
1_5	1
0_7	1
0_6	0
0_8	0
1_6	4
1_8	2
1_7	0
0_9	2
0_10	2
1_10	1
1_9	2
0_11	1
0_13	3
0_12	3
1_12	3
1_11	0
1_13	2
0_14	1
0_16	0
0_15	4
1_15	1
1_16	1
1_14	4
0_17	1
0_18	1
0_19	5
1_17	1
1_18	0
1_19	1
0_21	1
0_20	1
1_20	2
1_21	2
0_22	1
0_24	4
0_23	0
1_22	2
1_23	3
0_26	2
0_25	1
0_27	1
1_26	2
1_27	2
1_25	0
0_28	0
0_30	2
0_29	0
1_29	1
1_28	0
1_30	0
0_31	1
0_32	2
1_31	1
1_32	0
0_33	4
0_34	1
0_35	0
1_33	1
1_35	1
1_34	1
0_37	0
0_36	1
0_38	2
1_36	2
1_38	1
1_37	1
0_39	2
0_40	1
1_39	1
1_40	3
0_41	1
0_42	2
0_43	2
1_41	1
1_43	1
1_42	0
0_45	0
0_44	1
0_46	2
1_44	1
1_45	1
1_46	0
0_47	2
0_48	1
0_49	0
1_47	0
1_48	4
1_49	0
0_51	2
0_50	3
1_50	1
1_51	2
0_53	3
0_52	2
0_54	2
1_53	2
1_52	0
1_54	0
0_57	1
0_55	0
0_56	0
1_55	3
1_57	3
1_56	1
0_59	1
0_58	0
0_60	1
1_59	1
1_58	1
1_60	1
0_62	1
0_61	0
1_62	0
1_61	1
0_63	1
0_65	3
0_64	2
1_64	0
1_63	0
1_65	3
0_67	3
0_66	4
0_68	0
1_67	1
1_66	3
1_68	2
0_70	3
0_69	4
1_71	0
1_69	2
1_70	1
0_71	3
0_73	2
0_72	1
1_73	1
1_72	1
0_75	1
0_74	0
0_76	0
1_74	0
1_76	2
1_75	4
0_79	0
0_77	4
0_78	1
1_77	0
1_78	3
0_80	2
0_81	0
1_79	0
1_81	2
1_80	2
0_82	0
0_84	2
0_83	3
1_84	3
1_82	0
1_83	1
0_85	0
0_86	1
0_87	1
1_85	1
1_87	1
1_86	2
0_89	3
0_88	1
1_89	1
1_88	2
0_91	3
0_90	2
0_92	1
1_91	0
1_90	1
1_92	1
0_94	1
0_93	2
0_95	1
1_94	3
1_93	2
1_95	0
0_96	1
0_97	0
1_96	2
1_97	2
0_98	0
0_99	1
0_100	2
1_100	1
1_99	0
1_98	0
0_101	1
0_102	1
0_103	1
1_103	1
1_101	3
0_104	1
0_105	2
0_106	1
1_105	1
1_106	2
1_104	1
0_107	1
0_108	2
1_108	4
1_107	3
0_109	4
0_111	1
0_110	1
1_111	1
1_109	2
0_112	2
1_112	0
2_2	5
2_1	1
2_0	0
3_0	0
3_1	1
3_2	2
2_3	1
2_4	1
2_5	2
3_3	2
3_4	1
3_5	1
2_6	1
2_7	3
2_8	1
3_6	3
3_7	0
3_8	2
2_9	2
2_10	1
2_11	3
3_10	1
3_9	2
3_11	3
2_12	4
2_13	1
3_12	0
3_13	2
2_15	3
2_14	2
2_16	3
3_14	1
3_15	2
3_16	4
2_17	1
2_18	0
2_19	1
3_17	0
3_19	0
2_20	4
2_21	1
3_20	0
3_21	1
2_24	2
2_22	1
2_23	4
3_23	3
3_24	0
3_22	1
2_27	1
2_26	1
2_25	1
3_25	0
3_27	0
3_26	1
2_29	0
2_28	0
3_28	1
3_29	3
3_30	0
2_32	0
2_31	1
2_30	1
3_32	0
3_31	0
2_34	0
2_35	2
2_33	1
3_33	1
3_34	0
3_35	1
2_36	1
2_37	0
2_38	2
3_36	2
3_37	2
3_38	0
2_39	1
2_40	0
2_41	1
3_39	1
3_40	1
3_41	1
2_43	1
2_42	0
3_42	2
3_43	1
2_44	3
2_45	0
2_46	1
3_44	1
3_46	1
3_45	0
2_48	0
2_47	1
2_49	0
3_47	0
3_48	2
3_49	3
2_50	1
2_51	2
3_51	2
3_50	2
2_54	0
2_53	2
2_52	0
3_52	2
3_53	3
3_54	3
2_56	0
2_55	4
2_57	2
3_55	1
3_56	3
3_57	3
2_60	1
2_58	1
2_59	4
3_58	2
3_59	2
2_62	2
2_61	1
3_62	1
3_61	2
3_60	0
2_63	0
2_64	1
2_65	2
3_63	1
3_64	3
3_65	0
2_66	0
2_67	1
2_68	1
3_68	1
3_66	1
3_67	0
2_70	2
2_69	2
3_70	2
3_69	4
2_72	0
2_71	2
2_73	1
3_71	2
3_72	2
3_73	3
2_75	1
2_74	0
2_76	2
3_74	1
3_76	4
3_75	1
2_77	2
2_78	3
3_77	5
2_80	2
2_79	0
2_81	0
3_80	1
2_82	3
2_84	1
2_83	0
3_82	0
2_85	3
2_86	1
2_87	1
2_88	1
2_89	3
2_90	2
2_92	3
2_91	2
2_94	2
2_93	1
2_95	3
2_97	1
2_96	1
2_98	1
2_99	0
2_100	1
1_102	1
2_101	1
2_103	0
2_102	0
2_105	1
2_104	0
2_106	2
2_109	1
2_108	1
2_107	3
1_110	3
2_110	1
2_111	2
2_112	1
4_0	4
4_2	3
4_1	4
5_0	0
5_1	1
5_2	3
5_3	1
4_4	2
4_5	2
4_3	3
5_4	1
5_5	2
4_6	1
4_7	2
4_8	1
5_8	0
5_6	4
5_7	0
4_10	1
4_9	0
5_10	1
5_11	4
5_9	0
4_12	2
4_11	2
4_13	3
5_12	1
5_13	1
4_14	0
4_15	0
4_16	1
5_15	4
5_14	2
5_16	0
4_17	1
4_18	4
4_19	3
5_17	0
5_18	0
5_19	2
4_21	3
4_20	0
5_20	0
5_21	0
4_23	1
4_22	2
4_24	0
5_22	4
5_23	0
5_24	2
4_26	0
4_25	0
4_27	1
5_25	3
5_27	3
5_26	3
4_28	1
4_29	0
4_30	2
5_28	1
5_29	0
5_30	2
4_32	0
4_31	0
4_33	0
5_31	3
5_32	0
4_34	2
4_35	0
5_33	2
5_34	1
5_35	1
4_37	0
4_38	1
4_36	1
5_36	4
5_38	3
5_37	1
4_41	0
4_39	0
4_40	1
5_39	2
5_40	0
4_42	0
4_43	1
5_41	0
5_42	1
5_43	0
4_44	3
4_46	0
4_45	0
5_44	4
5_46	1
5_45	0
4_47	0
4_48	0
4_49	2
5_47	2
5_48	1
4_50	0
4_51	0
5_49	2
5_51	1
5_50	2
4_52	0
4_53	0
4_54	0
5_52	0
5_53	1
4_57	2
4_56	0
4_55	3
5_56	1
5_55	3
5_57	2
4_59	2
4_58	3
4_62	2
4_61	1
4_60	0
4_63	0
4_64	2
4_65	4
4_66	0
4_67	0
4_68	1
4_70	0
4_69	1
4_71	0
4_72	0
4_73	0
4_74	1
4_75	0
4_76	3
4_78	3
4_77	0
4_79	0
3_81	1
4_80	0
4_81	1
3_83	1
3_84	1
4_82	0
4_83	0
4_84	0
3_85	3
3_86	1
3_87	2
4_87	2
4_85	0
4_86	1
3_88	1
3_89	3
4_88	0
4_90	0
4_89	2
3_91	3
3_92	0
3_90	0
4_92	0
4_91	0
3_93	1
3_94	1
3_95	1
4_93	0
4_94	4
4_95	2
3_96	1
3_98	0
3_97	0
4_96	4
4_97	1
4_98	4
3_99	3
3_100	0
4_99	2
4_100	0
3_101	0
3_102	1
3_103	0
4_102	0
4_101	3
4_103	2
3_104	4
3_105	3
3_106	1
4_105	2
4_104	0
3_107	4
3_108	1
3_109	3
4_106	2
4_108	4
3_110	3
3_111	0
4_109	5
4_111	1
3_112	1
4_112	4
6_1	2
6_2	2
7_1	0
7_0	0
7_2	2
6_5	1
6_3	2
6_4	3
7_4	2
7_3	2
7_5	1
6_7	0
6_6	3
6_8	1
7_6	1
7_8	2
7_7	1
6_9	2
6_11	1
6_10	2
7_10	1
7_9	0
7_11	2
6_12	2
6_13	2
6_14	3
7_12	0
7_13	1
6_15	3
6_16	2
7_14	0
7_15	2
7_16	0
6_17	1
6_18	0
6_19	3
7_17	2
7_19	2
7_18	0
6_20	3
6_21	0
6_22	0
7_20	2
7_21	2
6_23	4
6_24	0
7_23	0
7_22	2
7_24	2
6_26	1
6_25	4
6_27	0
7_25	1
6_28	0
6_30	1
6_29	2
6_32	3
6_31	1
6_33	0
6_34	2
6_35	2
6_38	1
6_36	0
6_37	3
6_39	3
6_40	2
6_41	0
6_42	1
6_43	0
6_44	1
6_45	1
6_46	1
6_48	0
6_47	1
6_49	2
6_50	1
6_51	1
5_54	0
6_52	1
6_53	0
6_54	1
6_56	0
6_55	0
6_57	1
5_58	2
5_59	1
5_60	0
6_59	1
6_60	4
6_58	1
5_61	1
5_62	1
6_62	3
6_61	0
5_64	0
5_63	1
5_65	0
6_64	2
6_63	0
6_65	2
5_67	0
5_66	0
5_68	0
6_67	3
6_68	2
6_66	2
5_69	0
5_70	0
6_70	0
6_69	1
6_71	0
5_71	1
5_73	0
5_72	1
6_72	1
6_73	0
5_75	2
5_74	1
5_76	0
6_75	2
6_74	1
5_77	0
5_79	2
5_78	1
6_78	0
6_76	2
6_77	2
5_81	1
5_80	0
6_80	2
6_81	1
5_84	3
5_82	1
5_83	2
6_83	2
6_84	1
5_85	0
5_86	1
5_87	1
6_87	2
5_88	0
5_89	1
6_89	0
6_88	0
5_90	3
5_92	2
5_91	2
6_91	1
5_94	1
5_93	1
5_95	0
5_96	1
5_97	3
5_98	2
5_99	0
5_100	1
5_101	0
5_102	2
5_103	1
5_104	2
5_106	0
5_105	2
4_107	1
5_109	1
5_108	2
5_107	2
4_110	3
5_110	3
5_111	0
5_112	0
8_0	1
8_1	1
8_2	1
8_3	0
8_4	2
8_5	1
8_6	3
8_7	2
8_8	2
8_11	1
8_9	2
8_10	2
8_12	3
8_13	2
8_14	2
8_15	2
8_16	3
8_18	1
8_17	2
8_19	1
8_22	0
8_21	1
8_20	0
8_24	2
8_23	1
7_26	2
7_27	1
8_25	1
8_27	1
8_26	1
7_28	1
7_29	0
7_30	1
8_28	2
8_29	2
8_30	1
7_31	1
7_32	0
8_31	1
8_33	3
8_32	3
7_33	2
7_35	2
7_34	1
8_35	3
8_34	1
7_36	2
7_37	1
7_38	1
8_36	0
8_37	3
8_38	0
7_40	2
7_39	1
7_41	0
8_40	1
8_39	0
7_42	1
7_43	0
8_42	2
8_43	1
8_41	0
7_44	0
7_45	1
7_46	0
8_45	2
8_44	1
7_47	0
7_48	0
7_49	1
8_47	1
8_46	1
8_48	0
8_49	2
7_50	0
7_51	0
8_51	1
7_52	0
7_53	1
7_54	1
7_57	1
7_55	0
7_56	2
8_56	2
7_59	2
7_58	0
7_60	1
8_58	2
7_61	2
7_62	2
7_64	2
7_63	2
7_65	0
7_66	2
7_67	1
7_68	3
7_69	0
7_70	1
7_71	2
7_72	2
7_73	0
7_74	0
7_76	0
7_75	2
6_79	2
7_77	0
7_78	1
7_79	1
7_81	0
7_80	0
6_82	0
7_82	0
7_84	1
7_83	0
6_86	2
6_85	0
7_86	1
7_85	1
7_87	3
6_90	2
7_89	1
7_88	3
7_90	1
6_92	2
7_91	1
7_92	0
6_93	2
6_94	3
6_95	2
7_93	1
7_94	2
7_95	2
6_96	1
6_97	1
6_98	2
7_96	2
7_98	1
7_97	1
6_99	1
6_100	1
7_99	1
7_100	0
6_103	1
6_101	2
6_102	2
7_102	0
7_101	0
7_103	2
6_105	4
6_104	0
6_106	2
7_106	1
7_104	4
7_105	0
6_107	1
6_108	0
6_109	1
7_107	0
7_108	1
6_111	1
6_110	0
7_110	1
7_111	0
7_109	0
7_112	1
9_1	2
9_2	1
9_0	0
10_1	1
10_0	2
10_2	2
10_3	1
9_5	2
9_3	2
9_4	1
10_5	1
10_4	2
9_6	3
9_7	0
9_8	2
10_7	1
10_8	2
10_6	3
9_9	0
9_10	1
9_11	0
10_9	0
10_10	1
10_11	2
9_12	1
9_13	1
10_12	2
10_13	3
9_14	0
9_16	0
9_15	0
10_16	2
10_14	2
10_15	1
9_17	0
9_18	1
9_19	0
10_18	1
10_19	2
10_17	2
9_20	0
9_21	2
9_22	3
10_21	1
10_20	1
10_22	2
9_23	2
9_24	0
10_23	1
10_24	4
9_25	2
9_26	3
9_27	2
10_26	1
10_27	0
9_29	1
9_30	1
9_28	1
10_28	2
9_32	0
9_31	1
10_30	1
9_33	1
9_34	1
9_35	1
9_36	2
9_37	0
9_38	1
9_39	1
9_40	0
9_41	1
9_43	1
9_42	0
9_45	0
9_44	0
9_46	4
9_49	0
9_48	2
9_47	3
8_50	1
8_52	0
9_50	1
9_51	2
8_53	1
8_54	1
9_52	2
9_54	1
9_53	0
8_57	0
8_55	1
9_56	3
9_57	0
9_55	0
8_59	2
8_60	0
9_60	0
9_58	1
9_59	0
8_62	1
8_61	0
9_61	0
9_62	2
9_63	1
8_63	1
8_65	1
8_64	2
9_64	1
9_65	1
8_66	2
8_68	2
8_67	1
9_66	1
9_67	0
9_68	2
8_69	2
8_70	2
8_71	2
9_70	1
9_71	3
9_69	0
8_72	1
8_73	0
9_73	0
9_72	1
8_76	1
8_75	0
8_74	1
9_75	1
9_74	2
9_76	1
8_78	2
8_77	1
8_79	0
9_77	2
9_79	1
9_78	2
8_80	1
8_81	0
8_82	3
9_81	3
9_80	1
8_83	0
8_84	3
9_83	2
9_82	0
9_84	0
8_87	3
8_85	2
8_86	2
9_85	0
9_86	1
9_87	1
8_88	2
8_90	1
8_89	2
9_89	1
9_90	2
9_88	0
8_91	1
8_92	1
9_91	4
9_92	4
8_93	2
8_94	0
8_95	1
9_93	1
9_95	1
9_94	0
8_96	0
8_97	1
8_98	0
9_98	2
9_96	0
9_97	3
8_99	2
8_100	1
9_100	0
9_101	2
9_99	0
8_101	0
8_102	1
8_103	0
9_103	2
9_102	1
8_105	0
8_104	1
8_106	1
9_104	2
9_105	2
9_106	0
8_107	2
8_108	3
8_109	0
9_107	2
9_109	0
9_108	1
8_110	2
8_111	2
9_110	0
9_111	0
8_112	0
9_112	0
11_0	0
11_1	3
11_2	0
11_3	4
11_4	0
11_5	0
11_8	1
11_6	0
11_7	3
11_10	3
11_9	0
11_11	4
11_12	1
11_13	1
11_14	1
11_15	2
11_16	1
11_18	0
11_17	1
11_19	2
11_20	1
11_21	1
11_22	0
11_23	0
11_24	0
10_25	0
11_25	0
11_26	0
11_27	1
10_29	4
11_29	2
11_30	2
11_28	1
10_31	0
10_32	1
10_33	1
11_31	2
11_32	3
11_33	0
10_34	1
10_35	4
11_34	2
11_35	1
10_36	3
10_37	2
10_38	0
11_38	0
11_36	0
11_37	0
10_39	0
10_41	0
10_40	4
11_40	2
11_39	2
11_41	0
10_42	1
10_43	1
11_43	0
11_42	1
10_44	1
10_46	2
10_45	0
11_44	0
11_45	0
11_46	0
10_49	2
10_47	0
10_48	1
11_47	0
11_48	2
11_49	1
10_51	0
10_50	0
10_52	1
11_50	1
11_51	2
11_52	0
10_53	1
10_54	2
11_53	0
11_54	1
10_55	0
10_56	1
10_57	2
11_55	0
11_56	1
11_57	3
10_60	0
10_58	2
10_59	2
11_58	1
11_59	1
11_60	1
10_61	0
10_62	1
11_61	0
11_62	0
11_63	0
10_64	3
10_63	1
10_65	0
11_65	2
11_64	2
10_67	1
10_66	0
10_68	1
11_66	0
11_68	1
11_67	2
10_69	0
10_71	0
10_70	2
11_69	1
11_70	0
11_71	0
10_73	0
10_72	2
11_72	2
11_73	1
10_74	0
10_75	1
10_76	0
11_74	1
11_76	2
11_75	0
10_79	0
10_77	2
10_78	0
11_77	3
11_78	1
11_79	1
10_80	0
10_81	2
10_82	1
11_80	0
11_81	0
11_82	0
10_83	2
10_84	2
11_83	1
11_84	0
10_86	3
10_87	3
10_85	0
11_85	0
11_87	0
11_86	3
10_89	0
10_88	4
10_90	0
11_88	1
11_90	0
11_89	2
10_92	1
10_91	1
11_92	0
11_91	2
11_93	0
10_93	2
10_94	1
10_95	3
11_94	0
11_95	1
10_96	2
10_97	0
10_98	1
11_98	2
11_96	3
11_97	0
10_99	1
10_100	0
10_101	2
11_99	1
11_100	2
11_101	1
10_102	2
10_103	0
11_102	1
11_103	1
10_106	0
10_105	0
10_104	2
11_104	1
11_105	1
11_106	2
10_109	1
10_108	1
10_107	1
11_108	0
11_109	1
11_107	1
10_111	0
10_110	0
10_112	1
11_110	1
11_111	2
11_112	0
12_0	2
12_2	0
12_1	1
12_3	1
13_0	0
13_1	1
13_2	2
13_3	1
12_5	1
12_4	0
13_4	3
13_5	3
12_6	3
12_7	1
12_8	1
13_6	1
13_7	0
13_8	0
12_9	2
12_10	0
12_11	3
13_10	2
13_11	0
13_9	1
12_12	1
12_14	1
12_13	1
13_13	1
13_12	1
13_14	2
12_15	1
12_16	0
13_15	0
13_16	2
12_18	4
12_17	2
12_19	1
13_17	4
13_18	0
13_19	0
12_21	0
12_20	2
13_20	1
13_21	1
13_22	1
12_23	0
12_24	0
12_22	0
13_23	1
13_24	1
12_25	0
12_26	1
12_27	2
13_26	2
13_25	2
13_27	3
12_29	3
12_28	0
12_30	0
13_30	2
13_29	3
13_28	4
12_31	0
12_32	0
13_32	0
13_31	0
13_33	1
12_35	1
12_33	0
12_34	3
13_34	3
13_35	2
12_37	3
12_36	2
12_38	0
13_38	3
13_36	1
13_37	0
12_39	1
12_40	0
12_41	1
13_39	0
13_40	0
13_41	1
12_43	3
12_42	4
13_42	0
13_43	0
13_44	5
12_44	3
12_45	1
12_46	2
13_45	0
13_46	1
12_47	0
12_48	2
12_49	1
13_48	0
13_47	0
13_49	0
12_50	2
12_52	1
12_51	1
13_50	0
13_51	0
13_52	1
12_53	1
12_54	0
13_54	2
13_53	3
12_56	3
12_57	0
12_55	1
13_55	3
13_56	0
13_57	1
12_59	0
12_58	2
12_60	2
13_60	1
13_59	0
13_58	0
12_61	0
12_63	1
12_62	1
13_61	1
13_62	0
13_63	0
12_64	2
12_65	2
13_64	2
13_65	0
12_67	0
12_68	0
12_66	0
13_68	0
13_66	2
13_67	2
12_70	1
12_71	1
12_69	2
13_70	3
13_71	1
13_69	1
12_72	1
12_73	1
13_73	0
13_72	1
12_76	1
12_74	0
12_75	1
13_75	4
13_74	0
13_76	3
12_78	2
12_79	0
12_77	1
13_77	0
13_79	1
13_78	0
12_80	5
12_82	4
12_81	0
13_81	0
13_80	1
13_82	0
12_84	2
12_83	0
13_84	0
13_83	2
12_85	0
12_87	2
12_86	0
13_86	1
13_87	3
13_85	3
12_89	0
12_90	0
12_88	0
13_88	1
13_89	3
13_90	1
12_92	3
12_91	2
13_92	1
13_91	2
12_95	2
12_93	1
12_94	2
13_94	1
13_93	0
13_95	2
12_97	1
12_98	2
12_96	0
13_97	0
13_96	0
13_98	0
12_100	1
12_99	0
12_101	0
13_99	0
13_100	1
13_101	2
12_103	0
12_102	0
13_103	1
12_104	2
12_105	4
12_106	1
13_105	1
13_106	0
13_104	1
12_108	1
12_107	1
12_109	2
13_109	1
13_108	0
12_112	2
12_110	4
12_111	1
14_1	1
14_3	1
14_2	2
14_0	2
15_0	0
15_2	1
15_1	0
15_3	0
14_5	2
14_4	1
15_4	0
15_5	1
14_7	2
14_6	2
14_8	2
15_8	2
15_7	0
15_6	0
14_10	1
14_9	1
14_11	0
15_10	3
15_9	1
15_11	1
14_12	3
14_13	0
14_14	2
15_12	1
15_13	2
15_14	1
14_15	1
14_16	2
15_15	1
15_16	1
14_17	1
14_18	1
14_19	0
15_17	1
15_18	0
15_19	1
14_20	1
14_21	1
14_22	0
15_21	3
15_22	0
15_20	0
14_23	2
14_25	0
14_24	4
15_23	1
15_24	1
15_25	3
14_27	3
14_26	1
15_26	3
15_27	1
14_29	0
14_28	3
14_30	0
15_28	0
15_29	1
15_30	0
14_31	1
14_32	1
14_33	1
15_32	0
15_31	1
15_33	0
14_35	1
14_34	2
15_34	1
15_35	0
14_36	1
14_37	2
14_38	5
15_38	4
15_37	0
15_36	0
14_39	1
14_40	1
14_41	1
15_41	3
15_39	2
15_40	0
14_42	1
14_43	0
14_44	3
15_42	2
15_43	2
15_44	3
14_45	3
14_46	1
15_45	1
15_46	1
14_47	1
14_48	4
14_49	3
15_47	1
15_48	4
15_49	0
14_50	3
14_51	0
14_52	1
15_51	1
15_50	1
15_52	1
14_53	1
14_54	0
15_54	0
15_53	0
14_56	2
14_55	5
14_57	0
15_57	1
15_55	1
15_56	1
14_59	1
14_58	1
14_60	0
15_58	0
15_59	1
15_60	2
14_63	1
14_62	1
14_61	1
15_61	0
15_62	0
15_63	5
14_65	2
14_64	1
15_64	0
15_65	0
14_68	1
14_66	0
14_67	3
15_66	2
15_67	0
15_68	1
14_70	0
14_69	4
14_71	2
15_69	0
15_70	0
14_72	1
14_73	0
15_73	1
15_71	1
15_72	1
14_76	1
14_75	1
14_74	1
15_76	0
15_75	2
15_74	1
14_77	1
14_78	0
14_79	1
15_78	1
15_77	1
15_79	1
14_80	2
14_82	2
14_81	2
15_80	2
14_84	1
14_83	2
15_83	1
14_85	4
14_87	2
14_86	0
14_89	4
14_90	1
14_88	2
14_92	2
14_91	2
14_93	0
14_95	3
14_94	1
14_97	1
14_96	3
14_98	2
14_99	1
14_100	0
14_101	2
13_102	0
14_102	1
14_104	0
14_103	1
14_106	0
14_105	3
13_107	0
14_108	1
14_107	1
14_109	1
13_111	1
13_110	0
13_112	3
14_110	1
14_111	2
14_112	0
16_1	2
16_0	1
16_2	0
16_3	1
17_2	0
17_3	1
17_1	1
17_0	1
16_4	2
16_5	1
17_4	1
17_5	3
17_6	2
16_6	2
16_8	3
16_7	1
17_7	2
17_8	0
16_9	3
16_10	2
16_11	2
17_10	1
17_9	0
17_11	2
16_13	2
16_12	0
16_14	4
17_14	3
17_12	0
17_13	1
16_16	0
16_15	2
17_15	1
17_16	0
16_18	0
16_17	0
16_19	1
17_19	3
17_17	3
17_18	3
16_20	6
16_22	1
16_21	5
17_20	2
17_22	1
17_21	2
16_25	2
16_24	1
16_23	0
17_24	0
17_23	3
17_25	2
16_26	2
16_27	0
17_27	0
17_26	2
16_28	1
16_30	1
16_29	2
17_28	3
17_30	3
17_29	1
16_31	2
16_33	2
16_32	5
17_31	0
17_32	1
17_33	1
16_34	3
16_35	1
17_34	0
17_35	1
16_36	3
16_37	4
16_38	0
17_36	1
17_37	1
17_38	1
16_39	1
16_41	5
16_40	1
17_41	1
17_39	0
17_40	0
16_42	1
16_43	3
16_44	2
17_42	1
17_43	3
16_45	1
16_46	1
17_46	0
17_45	1
16_49	2
16_48	0
16_47	2
17_48	1
17_47	4
17_49	0
16_51	1
16_50	2
16_52	2
17_51	1
16_53	0
16_55	1
16_54	2
17_53	1
16_56	0
16_57	1
16_58	0
16_59	1
16_60	3
16_61	1
16_63	0
16_62	2
16_65	1
16_64	1
16_67	1
16_66	3
16_68	2
16_70	0
16_69	2
16_71	2
16_72	2
16_74	0
16_73	1
16_76	0
16_75	0
16_78	1
16_79	3
16_77	1
15_81	2
15_82	0
16_80	3
16_81	2
16_82	1
15_84	0
16_84	3
16_83	3
15_86	1
15_87	2
15_85	2
16_86	2
16_85	0
16_87	0
15_88	3
15_89	3
15_90	1
16_88	1
16_89	0
16_90	1
15_91	0
15_92	1
15_93	1
16_92	3
16_91	2
16_93	4
15_94	1
15_95	0
16_94	3
16_95	1
15_96	1
15_97	1
15_98	5
16_96	1
16_97	5
16_98	2
15_100	1
15_99	1
15_101	0
16_99	2
16_100	0
16_101	2
15_103	0
15_102	2
16_102	1
16_103	1
15_105	0
15_104	0
15_106	1
16_104	2
16_105	3
15_107	2
15_108	1
15_109	1
16_106	0
16_108	1
15_111	1
16_109	1
16_111	0
16_110	0
15_112	1
18_1	1
18_2	2
18_0	0
18_3	3
19_0	0
19_1	0
19_2	4
19_3	1
18_4	2
18_6	5
18_5	0
19_4	2
19_5	3
18_8	3
18_7	2
19_6	0
19_7	1
19_8	1
18_10	0
18_9	1
18_11	1
19_9	1
19_10	2
18_13	3
18_12	3
18_14	1
19_13	2
19_12	2
19_11	2
19_14	2
18_16	3
18_15	1
19_15	1
19_16	2
18_17	2
18_19	3
18_18	0
19_19	1
19_18	2
18_20	0
18_22	0
18_21	3
19_20	0
18_24	1
18_23	2
18_25	4
19_23	1
18_27	3
18_26	1
18_29	4
18_28	3
18_30	0
18_31	2
18_32	2
18_33	4
18_34	2
18_35	1
18_37	3
18_36	1
18_38	3
18_40	0
18_39	2
18_41	2
18_42	2
18_43	2
18_44	2
17_44	1
18_45	2
18_46	3
18_49	2
18_47	0
18_48	3
17_50	2
17_52	5
18_50	0
18_51	1
18_52	2
17_54	0
18_53	1
18_55	0
18_54	0
17_55	2
17_56	1
17_57	1
18_57	0
18_56	0
17_59	2
17_58	0
17_60	1
18_58	1
18_59	1
18_60	1
17_62	0
17_61	1
17_63	2
18_63	1
18_61	5
18_62	1
17_64	5
17_65	5
18_64	1
18_65	2
17_67	1
17_68	1
17_66	1
18_67	1
18_68	1
18_66	2
17_69	1
17_70	1
17_71	0
18_69	3
18_70	4
18_71	1
17_73	2
17_72	2
18_72	1
18_73	0
17_75	2
17_74	1
17_76	1
18_75	1
18_76	3
18_74	0
17_77	3
17_79	0
17_78	2
18_78	1
18_79	2
17_80	4
17_82	2
17_81	1
18_80	0
18_81	5
17_83	1
17_84	2
18_82	1
18_84	4
17_86	2
17_87	0
17_85	4
18_86	3
17_89	2
17_88	0
17_90	0
17_91	2
17_92	0
17_93	2
17_95	0
17_94	1
17_96	3
17_98	1
17_97	0
17_100	2
17_99	2
17_101	0
17_102	2
17_103	2
17_105	1
17_106	0
17_104	2
16_107	1
17_108	3
17_107	0
17_109	1
17_110	1
17_111	0
16_112	0
17_112	2
20_1	1
20_3	3
20_2	2
20_0	1
20_4	2
20_5	1
20_6	2
20_7	3
20_8	0
20_10	1
20_11	4
20_9	4
20_12	0
20_13	2
20_14	1
20_15	4
20_16	2
19_17	1
20_18	2
20_19	1
20_17	1
19_21	1
19_22	0
20_21	1
20_20	2
20_22	5
19_24	3
19_25	1
20_23	0
20_25	1
20_24	0
19_27	2
19_26	0
20_26	0
20_27	0
19_29	1
19_30	1
19_28	0
20_29	2
20_30	2
20_28	4
19_31	0
19_32	0
19_33	3
20_31	6
20_32	1
20_33	1
19_34	2
19_35	1
20_34	4
20_36	3
20_35	3
19_36	1
19_38	0
19_37	0
20_37	0
20_38	3
19_40	0
19_39	0
19_41	1
20_39	1
20_40	1
20_41	3
19_42	0
19_43	0
20_42	5
20_43	1
19_44	0
19_46	0
19_45	3
20_46	1
20_45	2
20_44	3
19_49	0
19_48	1
19_47	2
20_47	1
20_48	3
19_50	2
19_51	0
19_52	0
20_50	0
20_51	2
19_54	3
19_53	3
20_53	1
20_52	1
20_54	5
19_56	2
19_57	0
19_55	3
19_58	3
19_59	2
19_60	2
19_63	4
19_62	1
19_61	2
19_64	0
19_65	0
19_68	2
19_67	1
19_66	0
19_69	3
19_70	0
19_71	1
19_73	3
19_72	0
19_74	1
19_76	2
19_75	2
18_77	0
19_77	3
19_78	3
19_79	1
19_80	1
19_81	1
19_82	2
18_83	1
18_85	1
19_84	2
19_83	0
18_87	2
19_85	1
19_87	2
19_86	4
18_89	1
18_88	1
18_90	0
19_88	1
19_89	0
19_90	0
18_91	0
18_92	1
18_93	2
19_91	3
19_92	1
19_93	3
18_95	0
18_94	3
19_94	0
19_95	0
18_96	1
18_97	1
18_98	2
19_96	1
19_97	1
19_98	1
18_99	0
18_100	0
18_101	3
19_101	1
19_99	1
19_100	2
18_103	0
18_102	0
19_103	0
19_102	3
18_104	1
18_105	1
18_106	0
19_105	0
19_104	3
19_106	1
18_107	2
18_108	1
18_109	1
19_109	1
19_108	3
19_107	2
18_110	3
18_111	1
18_112	3
19_111	3
19_110	4
19_112	1
21_0	2
21_2	2
21_3	2
21_1	1
22_0	0
22_2	3
22_1	0
22_3	3
21_5	1
21_4	2
21_6	4
22_6	3
22_5	1
21_7	0
21_8	1
22_7	4
22_8	0
21_9	2
21_10	2
21_11	2
22_9	1
22_11	3
22_10	0
21_12	3
21_13	1
21_14	1
22_12	1
22_14	3
22_13	3
21_15	2
21_16	4
22_15	0
22_16	0
21_19	2
21_17	0
21_18	1
22_18	1
22_17	3
22_19	4
21_21	3
21_22	2
21_20	1
22_20	3
22_21	0
22_22	2
21_23	3
21_24	1
21_25	1
22_23	3
22_24	1
21_27	1
21_26	3
22_25	7
22_26	2
21_28	3
21_29	0
21_30	2
22_28	4
22_29	6
21_32	1
21_31	2
21_33	0
21_34	0
21_35	1
21_36	1
21_37	3
21_38	1
21_40	0
21_39	1
21_41	0
21_43	0
21_42	4
21_44	2
21_46	0
21_45	1
20_49	0
21_49	2
21_48	0
21_47	1
21_51	4
21_50	3
21_52	0
21_53	1
21_54	2
20_57	3
20_55	0
20_56	0
21_56	2
21_57	3
21_55	0
20_58	1
20_59	4
20_60	2
21_58	2
21_60	1
21_59	1
20_62	2
20_61	2
20_63	0
21_63	4
21_62	0
21_61	2
20_64	2
20_65	1
21_65	1
21_64	2
21_66	6
20_66	1
20_67	1
20_68	1
21_67	3
21_68	0
20_70	0
20_69	3
20_71	2
21_71	0
21_69	4
21_70	1
20_73	0
20_72	0
20_74	2
21_72	1
21_73	1
21_74	4
20_76	2
20_75	1
21_75	1
21_76	0
20_78	4
20_79	1
20_77	1
21_79	1
21_77	2
21_78	2
20_82	1
20_81	1
20_80	4
21_80	1
21_81	3
21_82	3
20_83	1
20_84	1
21_83	1
21_84	2
20_86	3
20_85	1
20_87	2
21_85	1
21_87	1
21_86	1
20_88	1
20_89	1
20_90	2
21_88	0
21_89	3
21_90	1
20_92	3
20_93	4
20_91	1
21_91	1
21_92	3
21_93	2
20_94	0
20_95	2
21_95	1
21_96	2
21_94	2
20_97	2
20_98	0
20_96	1
21_97	2
21_98	1
20_99	1
20_100	1
20_101	4
21_99	0
21_101	1
21_100	0
20_102	3
20_103	1
20_104	3
21_102	0
21_103	1
21_104	0
20_106	3
20_105	2
21_105	2
21_106	0
20_107	1
20_108	0
20_109	3
21_107	0
21_108	1
21_109	1
20_110	2
20_111	1
20_112	1
21_111	2
21_112	0
21_110	0
23_0	1
23_2	0
23_1	1
23_3	2
23_4	0
23_6	1
23_8	1
23_7	0
23_10	0
23_9	0
23_11	0
23_14	1
23_12	3
23_13	2
23_16	1
23_15	2
23_18	2
23_19	1
23_17	0
23_20	2
23_21	0
23_22	2
23_23	1
23_24	1
23_25	1
22_27	3
23_27	1
23_26	0
22_30	3
23_28	0
23_30	0
23_29	0
22_32	2
22_31	1
22_33	0
23_31	2
23_33	2
23_32	3
22_34	1
22_35	1
22_36	1
23_34	1
23_35	0
23_36	1
22_37	2
22_38	1
23_37	2
23_38	1
22_39	1
22_40	1
22_41	2
23_39	2
23_41	3
23_40	2
22_42	1
22_44	1
22_43	1
23_44	0
23_42	0
23_43	1
22_45	1
22_46	2
23_45	2
23_46	3
22_47	1
22_48	1
22_49	2
23_47	1
23_48	1
23_49	1
22_51	0
22_50	1
22_52	1
23_52	1
23_51	1
22_53	1
22_54	1
22_55	0
23_53	1
23_54	1
23_55	2
22_56	0
22_57	2
23_56	1
23_57	1
22_60	2
22_59	3
22_58	2
23_58	1
23_59	0
23_60	3
22_61	1
22_63	4
22_62	1
23_63	2
23_62	0
23_61	3
22_64	2
22_65	0
23_65	3
23_64	4
22_66	0
22_68	1
22_67	2
23_67	3
23_66	2
23_68	0
22_70	3
22_69	2
22_71	1
23_69	2
23_70	2
22_72	2
22_74	2
22_73	1
23_73	2
23_72	1
23_74	2
23_71	1
22_75	4
22_76	3
23_75	3
23_76	2
22_78	2
22_77	3
22_79	2
23_78	1
23_77	1
23_79	2
22_80	3
22_82	4
22_81	1
23_82	4
23_80	1
23_81	0
22_84	3
22_83	0
23_83	1
23_84	0
23_85	1
22_85	1
22_86	2
22_87	0
23_86	3
23_87	0
22_88	1
22_89	2
22_90	2
23_88	1
23_89	1
23_90	1
22_91	1
22_92	3
22_93	3
23_93	1
23_92	0
23_91	1
22_95	3
22_94	0
23_94	1
23_96	2
23_95	1
22_97	1
22_96	1
22_98	1
23_98	2
23_97	2
22_101	1
22_100	0
22_99	2
23_99	2
23_100	1
23_101	1
22_102	0
22_103	0
22_104	1
23_103	0
23_102	2
23_104	1
22_106	0
22_105	5
23_105	4
23_106	0
22_107	2
22_108	1
22_109	1
23_108	1
23_107	1
23_109	0
22_111	0
22_110	0
22_112	0
23_110	2
23_111	2
23_112	2
24_2	1
24_1	1
24_3	1
24_0	0
25_0	2
25_1	1
25_2	0
25_3	0
24_4	2
24_5	3
24_6	2
25_5	3
25_4	1
25_6	2
24_7	2
24_8	5
25_7	2
25_8	1
24_9	2
24_10	4
24_11	2
25_10	3
25_9	1
25_11	0
24_12	1
24_13	2
24_14	3
25_12	2
25_13	2
25_14	1
24_16	4
24_17	4
24_15	3
25_15	2
25_16	0
25_17	2
24_18	2
24_19	0
25_19	0
25_18	2
24_20	0
24_21	3
24_22	2
25_20	0
25_21	1
25_22	0
24_24	2
24_23	2
24_25	3
25_23	0
25_24	2
25_25	0
24_26	0
24_27	3
25_26	0
25_27	1
25_28	2
24_28	3
24_29	2
24_30	2
25_30	0
25_29	2
24_31	2
24_33	6
24_32	4
25_31	0
25_32	3
25_33	2
24_35	2
24_34	3
24_36	1
25_34	3
25_35	1
25_36	1
24_37	1
24_38	0
25_38	3
25_37	0
24_39	1
24_40	1
24_41	3
25_40	3
25_39	1
25_41	1
24_42	1
24_43	0
24_44	2
25_42	6
25_43	5
25_44	2
24_45	0
24_46	0
25_45	2
25_46	0
24_47	2
24_48	1
24_49	2
25_49	1
25_48	3
24_51	2
24_52	1
24_50	2
25_52	2
25_50	3
25_51	3
24_53	2
24_54	2
25_53	2
25_54	2
25_55	3
24_56	0
24_55	0
25_57	1
25_56	3
24_59	1
24_58	1
24_60	1
25_59	1
25_58	0
24_63	0
24_62	2
24_61	1
25_62	0
25_63	0
24_65	1
24_64	0
25_64	1
25_65	1
25_66	1
24_67	3
24_68	1
24_66	1
25_67	3
25_68	1
24_69	5
24_70	0
24_71	3
25_70	1
25_69	3
25_71	3
24_72	0
24_73	1
24_74	2
25_73	1
25_74	3
25_72	0
24_76	0
24_75	2
25_76	0
25_75	1
24_78	3
24_77	0
24_79	2
25_79	2
25_78	2
25_77	0
24_81	2
24_82	0
24_80	0
25_81	1
25_82	3
25_80	2
24_85	2
24_84	2
24_83	0
25_84	3
25_85	2
25_83	0
24_87	2
24_86	0
25_86	2
25_87	2
24_89	1
24_88	2
24_90	1
25_90	0
25_89	4
25_88	2
24_92	3
24_91	3
24_93	3
25_91	3
25_92	0
25_93	2
24_94	1
24_95	1
24_96	1
25_94	4
25_95	2
24_97	2
24_98	2
25_96	0
25_98	4
25_97	0
24_99	0
24_100	0
24_101	2
25_99	5
25_100	0
24_102	1
24_103	1
24_104	2
25_103	1
25_104	4
25_102	0
24_105	2
24_106	5
25_106	2
25_105	1
24_109	3
24_107	4
24_108	2
25_108	0
24_110	2
24_112	3
24_111	1
26_2	2
26_3	1
26_1	1
27_0	3
27_1	0
27_2	3
27_3	2
26_4	3
26_5	1
26_6	1
27_6	4
27_4	0
27_5	1
26_8	3
26_7	3
27_8	2
27_7	2
26_11	2
26_10	2
26_9	1
27_9	1
27_11	3
27_10	1
26_12	0
26_14	2
26_13	1
27_12	6
27_14	3
27_13	1
26_16	2
26_15	1
26_17	4
27_15	2
27_16	1
27_17	2
26_18	4
26_19	1
27_18	0
27_19	1
26_20	2
26_21	2
26_22	3
27_20	2
27_21	4
27_22	2
26_24	2
26_25	0
26_23	2
27_24	1
27_23	3
27_25	2
26_27	4
26_26	2
27_26	8
27_27	1
27_28	2
26_30	2
26_28	3
26_29	5
27_29	1
27_30	3
26_32	5
26_33	0
26_31	0
27_32	0
27_33	0
27_31	2
26_35	3
26_34	2
27_34	2
27_36	1
27_35	2
26_36	3
26_38	4
26_37	2
27_37	0
27_38	1
26_40	4
26_39	1
26_41	3
27_40	1
27_39	2
27_41	2
26_42	1
26_43	2
26_44	1
27_43	3
27_44	2
27_42	2
26_47	3
26_45	4
26_46	3
27_45	1
27_46	0
26_48	1
26_49	2
27_48	1
27_47	1
27_49	1
26_52	1
26_51	0
26_50	1
27_50	3
26_53	2
26_54	0
26_55	3
27_53	0
27_54	0
27_55	1
26_56	1
26_57	0
27_56	4
27_57	2
26_58	0
26_59	1
26_60	1
27_58	3
27_59	0
26_61	3
26_62	1
26_63	1
27_61	0
27_62	3
27_63	1
26_64	0
27_64	3
27_65	3
26_67	3
26_68	3
26_66	2
27_68	2
27_66	2
26_69	3
26_70	2
26_71	1
27_70	0
27_69	4
26_72	2
26_74	1
26_73	0
27_73	1
27_72	0
27_74	3
26_76	2
26_75	1
27_75	0
27_76	3
26_77	0
26_78	2
26_79	2
27_77	1
27_78	0
27_79	1
26_80	0
26_82	1
26_81	1
26_84	1
26_83	1
26_85	2
26_87	1
26_86	1
26_90	0
26_89	1
26_88	2
26_92	1
26_93	2
26_91	2
26_95	3
26_94	1
26_97	1
26_98	4
26_96	1
25_101	3
26_100	1
26_99	0
26_101	1
26_102	0
26_103	2
26_104	1
26_105	2
26_106	1
25_107	0
25_109	1
26_109	1
26_108	0
26_107	2
25_110	1
25_112	3
25_111	1
26_110	0
26_111	1
26_112	2
28_3	2
28_0	0
28_1	1
28_2	1
29_1	0
29_2	1
29_3	4
28_6	0
28_4	2
28_5	2
29_5	1
29_4	1
29_6	2
28_8	1
28_7	1
28_9	0
29_7	1
29_8	0
28_11	3
28_10	4
29_9	2
29_10	3
29_11	1
28_12	5
28_13	4
28_14	1
29_14	2
29_13	1
29_12	4
28_15	3
28_16	2
28_17	1
29_16	1
29_17	4
29_15	4
28_18	2
28_19	4
29_18	3
29_19	4
28_22	4
28_20	1
28_21	1
29_21	5
29_20	3
29_22	1
28_24	1
28_23	1
28_25	4
29_23	0
29_24	0
29_25	1
28_28	3
28_26	5
28_27	0
29_26	0
29_27	1
29_28	3
28_29	1
28_30	1
29_29	3
29_30	2
28_31	0
28_32	3
28_33	3
29_32	1
29_31	2
29_33	4
28_36	1
28_35	1
28_34	1
29_35	0
29_36	3
29_34	4
28_39	1
28_37	0
28_38	3
29_37	0
29_38	2
28_41	2
28_40	4
29_40	2
29_39	3
28_42	0
28_43	1
28_44	1
29_41	0
29_44	2
28_45	2
28_46	0
29_46	0
29_45	3
28_49	0
28_47	1
28_48	0
29_47	1
27_52	1
28_52	2
28_50	2
28_51	3
28_54	0
28_53	0
28_55	1
28_56	1
28_59	2
28_58	0
28_62	0
28_63	0
28_61	2
28_64	2
28_65	1
27_67	0
28_67	2
28_66	1
28_68	0
28_69	1
28_71	2
28_70	7
28_72	0
28_73	3
28_74	0
28_76	5
28_75	1
28_77	2
28_78	3
28_79	5
27_80	0
27_82	1
27_81	0
28_81	2
28_80	0
28_82	2
27_83	1
27_84	3
27_85	3
28_83	1
28_84	0
28_85	3
27_87	1
27_86	0
28_87	0
28_86	1
27_88	0
27_89	1
27_90	1
28_89	3
28_88	4
28_90	1
27_91	0
27_93	0
27_92	2
28_93	4
28_91	2
28_92	2
27_94	0
27_95	1
27_96	1
28_94	1
28_95	1
28_96	2
27_98	1
27_97	2
28_98	3
28_97	2
27_99	0
27_100	0
27_101	2
28_99	1
28_100	0
27_103	2
27_102	2
27_104	3
28_102	2
28_101	1
28_103	0
28_104	0
27_106	1
27_105	0
28_105	1
28_106	2
27_107	2
27_109	2
27_108	1
28_109	3
27_112	4
27_110	3
27_111	1
28_110	0
30_3	3
30_2	0
30_1	4
30_0	1
31_2	0
31_1	0
31_3	2
30_4	3
30_5	2
30_6	1
31_4	2
31_6	1
31_5	1
30_7	2
30_8	1
30_9	2
31_8	0
31_7	0
30_10	1
30_11	3
31_9	0
31_10	1
31_11	2
30_12	0
30_13	2
30_14	1
31_12	1
31_14	2
31_13	0
30_15	4
30_16	3
30_17	2
31_16	3
31_15	0
30_18	1
30_19	1
31_19	1
31_17	3
31_18	2
30_22	2
30_20	1
30_21	1
31_20	2
30_24	1
30_25	2
30_23	4
30_26	2
30_27	1
30_28	1
30_30	2
30_29	2
30_31	2
30_33	2
30_32	2
30_34	3
30_35	0
30_36	2
30_38	3
30_37	2
30_40	2
30_41	1
30_39	1
29_42	2
29_43	2
30_42	4
30_44	1
30_43	0
30_45	1
30_46	3
29_48	0
29_49	2
30_48	3
30_49	1
30_47	2
29_52	3
29_51	0
29_50	0
30_50	0
30_51	0
30_52	3
29_54	0
29_55	0
30_53	2
30_54	0
30_55	1
29_56	0
29_57	1
30_56	1
30_57	4
29_58	1
29_59	1
29_60	1
30_59	2
30_58	2
30_60	1
29_63	1
29_62	1
30_63	3
30_61	1
30_62	1
29_65	1
29_64	2
29_66	3
30_64	0
30_65	2
30_66	0
29_67	0
29_68	3
30_67	0
30_68	1
29_69	1
29_71	3
29_70	0
30_69	2
30_71	2
29_72	1
29_74	3
29_73	2
30_74	1
30_73	1
30_72	3
29_75	2
29_76	2
30_75	1
30_76	1
29_77	1
29_78	0
29_79	0
30_78	4
30_79	3
29_81	0
29_80	3
29_82	1
30_80	1
30_82	1
30_81	1
29_83	1
29_84	3
29_85	0
30_83	2
30_84	4
29_86	1
29_87	0
30_85	4
29_90	0
29_89	0
29_88	0
29_92	0
29_91	0
29_93	2
29_94	2
29_95	0
29_96	1
29_97	1
29_98	2
29_99	1
29_101	1
29_100	1
29_103	1
29_102	1
29_104	0
29_105	0
29_106	1
28_107	3
28_108	1
29_109	0
29_108	0
29_107	1
28_111	0
28_112	0
29_110	1
29_112	2
29_111	1
31_0	0
32_0	0
32_3	3
32_1	3
32_2	2
32_5	1
32_4	2
32_6	5
32_7	2
32_8	2
32_9	3
32_10	2
32_11	1
32_12	3
32_14	4
32_13	1
32_15	1
32_16	0
32_17	3
32_18	3
32_19	0
31_21	1
31_22	1
32_20	3
32_21	1
32_22	4
31_23	2
31_24	0
31_25	3
32_23	1
32_24	2
32_25	1
31_26	2
31_27	2
31_28	1
32_28	2
32_27	1
32_26	1
31_29	1
31_30	2
32_29	2
32_30	1
31_31	1
31_32	2
31_33	1
32_31	2
32_32	3
32_33	0
31_35	0
31_34	1
31_36	3
32_34	3
32_35	0
32_36	4
31_39	2
31_37	3
31_38	0
32_37	2
32_38	0
31_40	2
31_41	1
32_39	0
32_40	1
32_41	3
31_43	0
31_44	2
31_42	2
32_43	2
32_42	1
31_46	1
31_45	3
32_44	0
32_45	3
32_46	1
31_47	0
31_48	4
31_49	2
32_47	1
32_49	4
32_48	2
31_51	1
31_50	2
31_52	4
32_51	1
32_50	1
31_54	1
31_55	2
32_53	1
31_56	1
31_57	0
31_60	1
31_59	1
31_58	3
31_61	1
31_64	2
31_63	0
31_66	2
31_65	1
31_67	3
31_68	1
30_70	2
31_70	6
31_69	2
31_71	2
31_73	2
31_74	0
31_72	1
30_77	2
31_76	1
31_75	2
31_79	1
31_78	2
31_77	0
31_80	2
31_82	1
31_81	1
31_85	1
31_84	2
31_83	0
30_86	1
30_87	2
31_87	0
31_88	2
31_86	2
30_88	1
30_89	3
30_90	3
31_89	0
31_90	0
30_92	1
30_91	1
30_93	2
31_93	2
31_91	1
31_92	0
30_94	3
30_95	3
30_96	1
31_94	1
31_95	0
31_96	2
30_97	2
30_98	0
31_98	1
31_97	2
30_100	1
30_99	1
30_101	0
31_99	2
31_101	1
31_100	1
30_102	1
30_103	1
30_104	1
31_102	2
31_103	1
31_104	1
30_105	1
30_106	3
31_106	0
31_105	0
30_109	1
30_108	0
30_107	1
31_109	1
31_108	1
31_107	2
30_110	0
30_112	0
30_111	0
31_110	2
31_112	0
31_111	1
33_1	2
33_3	0
33_2	2
34_1	2
34_2	3
34_3	3
33_4	2
33_5	2
33_6	1
34_4	3
34_6	2
34_5	2
33_7	2
33_8	1
33_9	3
34_7	0
34_8	0
34_9	1
33_11	0
33_10	1
34_11	0
34_10	1
33_12	1
33_13	2
33_14	2
34_13	2
34_14	0
34_12	1
33_16	0
33_15	3
33_17	1
34_15	3
34_16	4
33_18	2
33_19	0
33_20	2
34_17	2
34_19	1
33_21	1
33_22	3
34_22	2
34_21	1
33_23	1
33_24	1
33_25	1
34_24	3
34_23	3
33_27	1
33_26	2
33_28	2
34_26	1
34_25	2
33_29	2
33_30	1
33_31	1
33_32	3
33_33	1
33_34	0
33_35	2
33_36	3
33_37	3
33_39	1
33_38	1
33_41	1
33_40	0
33_42	1
33_43	0
33_44	1
33_45	2
33_46	1
33_47	3
33_49	0
33_48	1
32_52	2
33_50	2
33_52	1
33_51	1
32_54	1
32_55	4
33_55	2
33_53	1
33_54	0
32_56	1
32_57	2
33_56	2
33_57	0
32_59	2
32_58	0
32_60	0
33_58	2
33_59	1
33_60	0
32_61	4
32_62	1
32_63	1
33_62	1
33_61	0
33_63	1
32_65	1
32_66	2
32_64	1
33_65	1
33_66	1
33_64	1
32_67	2
32_68	1
32_69	1
33_68	0
33_67	1
32_70	0
32_71	0
33_69	2
33_70	0
33_71	1
32_72	0
32_73	1
32_74	1
33_73	1
33_72	1
33_74	2
32_75	1
32_76	0
33_76	0
33_75	4
33_77	1
32_78	2
32_79	1
32_77	1
33_79	0
33_78	1
32_80	2
32_82	1
32_81	3
33_80	1
33_81	1
33_82	0
32_84	0
32_83	1
32_85	0
33_83	1
33_84	1
33_85	1
32_86	3
32_87	1
32_88	1
33_87	0
33_86	2
32_90	2
32_89	3
33_89	1
33_90	1
33_88	0
32_91	1
32_93	1
32_92	2
33_91	1
33_92	3
33_93	2
32_94	1
32_95	1
32_96	0
33_94	0
33_96	0
33_95	0
32_98	0
32_97	2
33_97	1
33_98	1
32_100	1
32_99	1
32_101	1
33_99	0
33_100	1
33_101	0
32_102	0
32_103	1
32_104	4
33_102	1
33_103	2
33_104	0
32_105	0
32_106	1
32_107	2
33_105	0
33_106	1
32_108	1
32_109	4
33_107	3
33_109	0
33_108	1
32_110	1
32_111	1
32_112	0
33_110	1
33_112	1
33_111	1
35_2	1
35_3	2
35_1	2
35_4	0
35_5	0
35_6	1
35_7	3
35_8	1
35_9	0
35_10	3
35_11	3
35_13	0
35_14	2
35_12	5
35_15	1
35_16	2
35_17	0
34_18	0
35_19	2
35_18	1
34_20	1
35_20	0
35_21	2
35_22	1
35_23	2
35_24	0
35_25	1
34_27	1
34_28	0
35_26	1
35_27	0
35_28	2
34_30	3
34_29	3
35_29	1
35_30	0
34_32	2
34_31	1
34_33	5
35_31	1
35_32	1
35_33	0
34_35	2
34_34	1
34_36	0
35_34	2
35_36	3
35_35	2
34_38	0
34_37	2
35_37	0
35_38	2
35_39	2
34_39	2
34_40	2
34_41	2
35_40	1
34_42	1
34_44	1
34_43	3
35_43	1
35_42	0
35_44	5
34_45	3
34_46	4
34_47	2
35_45	0
35_46	3
35_47	2
34_49	2
34_48	1
35_48	1
35_49	1
34_51	3
34_50	1
34_52	2
35_50	0
35_51	1
35_52	2
34_53	3
34_54	0
34_55	3
35_55	2
35_54	2
35_53	1
34_56	1
34_57	0
34_58	3
35_57	1
35_56	1
34_60	2
34_59	2
35_58	1
35_59	1
35_60	2
34_63	3
34_62	1
34_61	2
35_62	1
35_61	2
35_63	2
34_64	1
34_65	3
34_66	4
35_64	1
35_65	1
35_66	2
34_67	2
34_68	2
34_69	0
35_67	1
35_68	0
34_70	1
34_71	0
35_70	1
35_69	0
35_71	1
34_72	0
34_74	1
34_73	0
35_72	3
35_73	0
35_74	1
34_75	1
34_76	1
34_77	2
35_77	0
35_75	2
35_76	1
34_79	0
34_78	2
34_80	1
35_79	1
35_78	1
34_82	0
34_81	1
35_80	1
35_82	2
35_81	1
34_84	1
34_83	1
34_85	1
35_85	0
35_83	2
35_84	0
34_86	2
34_87	1
35_87	1
35_86	2
35_88	3
34_89	1
34_90	1
34_88	2
35_89	1
35_90	0
34_91	2
34_92	2
34_93	0
35_91	1
35_92	1
35_93	0
34_96	0
34_94	0
34_95	1
35_94	1
35_95	0
35_96	2
34_99	4
34_97	1
34_98	1
35_98	0
35_97	3
35_99	1
34_101	2
34_100	3
35_101	0
35_100	1
34_103	1
34_102	0
34_104	0
35_103	0
35_102	0
35_104	2
34_106	0
34_105	0
35_105	1
35_106	4
35_107	0
34_108	0
34_109	1
34_107	1
35_108	1
35_109	1
34_110	0
34_111	0
34_112	0
35_111	0
35_110	0
35_112	2
36_3	1
36_2	1
36_1	0
37_1	0
37_2	1
37_3	0
36_5	3
36_4	3
36_6	1
37_4	0
37_6	1
37_5	2
36_7	4
36_8	0
36_9	0
37_9	0
37_8	1
37_7	3
36_11	1
36_10	0
37_10	1
37_11	1
36_13	0
36_14	0
36_12	4
37_12	1
37_13	1
37_14	3
36_15	4
36_16	1
36_17	3
37_15	1
37_16	1
37_17	1
36_18	2
36_19	0
36_20	1
37_18	2
37_19	2
36_22	2
37_20	2
37_21	2
37_22	3
36_24	1
36_25	1
36_23	2
37_23	3
37_24	0
37_25	1
36_26	3
36_27	2
36_28	0
37_26	1
37_28	0
37_27	1
36_30	3
36_29	3
37_29	1
37_30	1
36_31	2
36_33	2
36_32	1
37_31	1
37_32	2
37_33	3
36_36	2
36_34	2
36_35	4
37_34	2
37_35	4
37_36	1
36_37	0
36_38	3
36_39	2
37_37	0
37_38	0
37_39	1
36_41	2
36_40	0
37_40	0
37_41	1
36_44	1
36_42	1
36_43	3
37_43	0
37_44	3
37_42	1
36_45	2
36_46	3
36_47	1
37_45	0
37_47	1
37_46	3
36_48	2
36_49	0
37_48	1
37_49	1
36_50	0
36_52	2
36_51	2
37_50	1
37_51	1
37_52	0
36_54	3
36_53	2
36_55	2
37_54	0
37_55	1
37_53	2
36_57	0
36_56	0
36_58	2
37_56	3
37_57	0
37_58	0
36_59	1
36_60	1
37_60	1
37_59	1
36_63	2
36_61	3
36_62	2
37_63	0
37_61	4
37_62	1
36_64	0
36_65	1
36_66	2
37_65	1
37_64	1
37_66	1
36_67	1
36_69	1
36_68	1
37_67	1
37_68	0
37_69	2
36_70	2
36_71	4
37_70	2
37_71	1
36_72	2
36_73	0
36_74	2
37_72	2
37_74	0
37_73	1
36_75	2
36_76	2
36_77	1
37_76	0
37_75	2
37_77	0
36_78	1
36_79	2
36_80	1
37_79	1
37_78	1
36_81	3
36_82	1
37_80	1
37_81	0
37_82	2
36_85	3
36_84	2
36_83	0
37_83	0
37_85	2
37_84	1
36_87	3
36_86	3
37_87	0
37_86	1
36_90	2
36_88	1
36_89	2
37_88	1
37_89	3
37_90	2
36_93	2
36_91	0
36_92	2
37_91	0
37_92	1
37_93	2
36_94	0
36_95	2
36_96	2
37_94	0
37_95	0
37_96	0
36_97	0
36_98	1
37_97	0
37_98	3
36_99	3
36_100	0
36_101	1
37_100	0
37_99	3
36_102	1
36_103	1
36_104	1
37_103	1
37_104	0
37_102	0
36_105	1
36_106	0
36_107	1
37_105	1
36_109	1
36_108	0
36_111	2
36_112	1
36_110	0
38_1	2
38_2	1
38_3	2
39_3	1
39_1	0
39_2	1
38_5	0
38_4	0
38_6	0
39_6	1
39_4	0
39_5	0
38_7	2
38_8	1
38_9	0
39_8	1
39_9	2
39_7	2
38_11	1
38_10	1
39_10	5
39_12	2
39_11	1
38_13	2
38_14	1
38_12	1
39_13	1
39_14	4
38_15	3
38_17	2
38_16	2
39_15	2
39_17	0
39_16	0
38_19	3
38_18	3
39_19	0
39_18	1
39_20	1
38_20	2
38_21	1
38_22	2
39_21	1
39_22	0
38_23	1
38_25	4
38_24	4
39_23	3
39_25	1
39_24	0
38_26	1
38_27	0
38_28	2
39_27	0
39_28	2
39_26	1
38_29	1
38_30	0
39_30	2
39_29	0
38_33	2
38_31	1
38_32	2
39_32	0
39_31	3
39_33	0
38_35	2
38_34	1
38_36	3
39_34	1
39_35	1
39_36	3
38_38	2
38_37	1
38_39	1
39_37	1
39_39	1
39_38	3
38_40	3
38_41	3
39_40	2
39_41	1
38_42	1
38_44	2
38_43	0
39_43	1
39_42	0
39_44	1
38_46	1
38_45	2
38_47	1
39_46	2
39_45	0
39_47	1
38_48	2
38_49	2
39_49	1
39_50	1
39_48	0
38_51	2
38_50	1
38_52	2
39_51	3
39_52	1
38_53	2
38_55	1
38_54	2
39_54	2
39_53	0
39_55	2
38_57	1
38_56	1
38_58	2
39_57	0
39_56	2
39_58	0
38_59	1
38_60	2
38_61	1
39_59	2
39_60	0
38_63	2
38_62	2
39_61	2
39_62	0
39_63	1
38_65	2
38_64	1
38_66	1
39_65	3
39_64	1
38_68	0
38_69	2
38_67	1
39_68	1
39_67	1
39_66	1
38_70	1
38_71	2
39_70	0
39_69	1
38_72	2
38_73	3
38_74	1
39_73	2
39_72	1
38_76	2
38_75	1
38_77	2
39_75	1
39_76	1
38_79	3
38_78	3
39_77	1
38_80	2
38_82	1
38_81	3
38_85	2
38_83	0
38_84	0
38_87	2
38_86	1
38_90	1
38_89	1
38_88	1
38_92	0
38_91	1
38_93	1
38_95	2
38_94	0
38_96	2
38_97	2
38_98	1
37_101	1
38_99	2
38_100	2
38_101	2
38_102	3
38_103	0
38_104	1
37_106	0
37_107	0
38_105	0
38_106	1
38_107	0
37_108	1
37_109	1
38_108	0
38_109	4
37_111	1
37_110	0
37_112	3
38_110	1
38_112	1
38_111	0
40_3	1
40_1	2
40_2	1
41_2	1
41_1	1
41_3	2
40_6	1
40_4	2
40_5	2
41_4	0
41_6	2
41_5	0
40_9	2
40_7	2
40_8	0
41_7	2
41_8	0
41_9	4
40_11	2
40_10	3
41_10	2
41_11	2
41_12	2
40_12	1
40_13	1
40_14	2
41_13	2
41_14	2
40_17	1
40_15	3
40_16	3
41_15	3
41_17	0
41_16	3
40_19	1
40_18	0
40_20	2
41_18	0
41_20	3
41_19	2
40_22	2
40_21	1
41_21	2
41_22	4
40_23	3
40_24	1
40_25	4
41_23	0
41_24	1
41_25	3
40_27	3
40_26	2
40_28	2
41_26	2
41_27	1
41_28	5
40_30	3
40_29	3
41_29	2
41_30	0
40_33	2
40_31	0
40_32	2
41_32	1
41_31	1
41_33	3
40_35	1
40_36	2
40_34	3
41_36	1
41_35	5
41_34	2
40_39	0
40_37	5
40_38	0
41_38	1
41_37	2
41_39	0
40_40	1
40_41	3
40_42	3
41_40	2
41_41	3
40_43	3
40_44	2
41_44	2
40_45	0
40_46	1
40_47	2
41_46	3
41_45	2
40_48	1
40_49	0
40_50	1
41_49	3
40_51	1
40_52	1
40_54	1
40_55	1
40_53	1
40_56	2
40_58	1
40_57	2
40_59	1
40_60	1
40_61	0
40_62	0
40_63	1
40_65	0
40_64	0
40_66	1
40_67	0
40_68	2
40_69	5
39_71	0
40_70	2
40_71	0
39_74	1
40_74	2
40_73	1
40_72	1
40_76	2
40_75	1
40_77	1
39_79	1
39_78	3
40_78	0
40_79	0
39_80	4
39_81	1
39_82	0
40_81	1
40_80	1
40_82	2
39_83	2
39_84	0
39_85	0
40_83	3
40_85	2
40_84	2
39_86	1
39_87	0
39_88	2
40_87	1
40_86	1
40_88	1
39_89	1
39_90	0
40_90	1
40_89	2
39_91	0
39_92	3
39_93	1
40_91	1
40_92	1
40_93	1
39_94	1
39_95	0
39_96	0
40_95	2
40_94	0
40_96	4
39_98	2
39_97	1
40_98	1
40_97	1
39_100	1
39_99	2
39_101	0
40_100	0
39_103	1
39_104	0
39_102	1
40_102	1
40_103	1
40_104	1
39_106	0
39_105	1
40_106	2
40_105	1
39_109	1
39_108	0
39_107	0
40_109	0
39_111	1
39_110	1
39_112	0
42_2	1
42_3	2
42_1	0
43_2	2
43_1	1
43_3	2
42_5	1
42_4	1
42_6	1
43_4	2
43_5	2
43_6	4
42_7	1
42_8	2
42_9	2
43_8	5
43_9	1
43_7	0
42_11	2
42_10	2
42_12	4
43_11	2
43_10	1
42_13	1
42_14	3
43_14	2
43_13	2
42_17	1
42_16	0
42_15	2
43_16	3
43_15	0
43_17	2
42_19	3
42_20	1
42_18	1
43_18	3
42_21	3
42_22	0
42_24	4
42_23	2
42_25	0
42_26	1
42_27	3
42_28	3
42_29	3
42_30	3
42_31	1
42_32	1
42_33	0
42_35	2
42_34	1
42_36	1
42_37	2
42_38	4
42_39	3
42_41	1
42_40	3
41_42	1
41_43	4
42_44	3
42_43	0
42_42	3
41_47	1
42_45	1
42_46	2
42_47	3
41_48	1
41_50	2
42_49	0
42_48	3
41_51	1
41_52	0
42_51	4
42_52	2
42_50	1
41_55	1
41_54	1
41_53	1
42_53	5
42_55	1
42_54	1
41_56	2
41_57	1
41_58	1
42_56	0
42_57	2
42_58	3
41_59	1
41_60	2
42_60	1
42_59	1
42_61	4
41_62	2
41_61	0
41_63	2
42_62	0
42_63	3
41_65	1
41_64	3
41_66	1
42_64	2
42_66	3
42_65	1
41_68	0
41_67	1
41_69	1
42_67	1
42_68	2
42_69	3
41_70	0
41_71	0
42_70	4
41_74	0
41_72	0
41_73	2
42_72	1
42_73	0
42_74	0
41_77	1
41_75	1
41_76	2
42_75	5
42_76	1
41_78	1
41_79	1
42_78	1
42_79	1
41_81	0
41_82	1
41_80	1
42_82	1
41_83	1
41_84	2
41_85	1
41_86	0
41_87	1
41_88	0
41_89	3
41_90	1
41_91	1
41_92	2
41_93	2
41_95	2
41_94	1
41_96	1
41_97	0
41_98	2
41_99	1
40_99	0
40_101	2
41_100	1
41_101	0
41_103	0
41_102	0
41_104	0
40_107	0
41_105	4
41_106	1
41_107	1
40_108	1
41_108	3
41_109	1
41_110	1
40_112	2
40_110	1
40_111	0
41_111	0
41_112	5
44_2	2
44_3	0
44_1	3
44_4	2
44_5	1
44_6	2
44_7	1
44_8	2
44_9	1
44_11	1
44_10	1
43_12	1
44_12	4
44_14	0
44_13	2
44_15	5
44_16	2
44_17	0
43_19	1
43_20	2
44_18	5
44_19	0
44_20	1
43_21	1
43_23	5
43_22	2
44_21	4
44_22	3
43_24	2
43_25	2
44_24	3
44_25	2
44_23	2
43_26	0
43_27	1
43_28	2
44_26	1
44_28	1
44_27	2
43_29	4
43_30	2
43_31	2
44_29	1
44_31	3
44_30	2
43_33	1
43_32	4
44_32	1
44_33	5
43_35	2
43_36	1
43_34	1
44_34	2
44_35	1
44_36	2
43_37	3
43_38	1
43_39	3
44_38	1
44_37	1
44_39	3
43_40	0
43_41	1
44_40	0
44_41	1
43_42	1
43_43	2
43_44	1
44_42	1
44_43	3
44_44	2
43_45	1
43_46	1
43_47	0
44_47	1
44_45	1
44_46	1
43_48	2
43_49	1
43_50	1
44_49	3
44_48	5
43_52	0
43_51	1
44_52	3
43_54	1
43_53	2
43_55	5
44_53	2
44_54	1
43_56	0
43_57	0
43_58	1
43_59	3
43_60	3
43_61	1
43_62	0
43_63	1
43_65	3
43_64	1
43_66	1
43_67	2
43_69	0
43_68	2
42_71	3
43_70	3
43_71	5
43_72	0
43_74	0
43_73	0
42_77	3
43_77	1
43_76	0
43_75	2
42_80	4
43_78	1
43_79	0
43_80	1
42_81	2
43_81	1
43_82	1
42_84	1
42_85	2
42_83	3
43_84	1
43_83	0
43_85	0
42_87	1
42_86	0
42_88	1
43_87	0
43_86	1
43_88	0
42_89	0
42_90	1
43_89	1
43_90	0
42_92	2
42_93	0
42_91	0
43_91	2
43_93	1
43_92	1
42_95	1
42_94	1
42_96	0
43_94	1
43_95	3
43_96	0
42_97	3
42_98	0
42_99	1
43_98	1
43_97	1
43_99	0
42_101	2
42_100	1
43_101	0
43_100	1
43_102	0
42_102	1
42_104	0
42_103	1
43_103	0
43_104	2
42_105	3
42_106	0
42_107	2
43_106	3
43_107	1
43_105	1
42_109	2
42_108	1
43_108	2
43_110	1
43_109	1
42_110	2
42_112	1
42_111	2
43_112	3
43_111	1
45_3	3
45_1	4
45_2	2
46_1	3
46_2	2
46_3	2
45_4	1
45_5	3
45_6	1
46_5	1
46_4	3
46_6	3
45_8	1
45_7	1
45_9	3
46_7	0
46_8	1
46_9	1
45_10	0
45_11	1
45_12	2
46_11	3
46_10	0
45_13	0
45_14	1
46_14	6
46_12	1
46_13	2
45_15	1
45_16	1
45_17	0
46_15	1
46_16	2
46_17	1
45_19	2
45_18	1
45_20	3
46_19	2
46_18	3
45_22	2
45_21	3
46_20	0
46_21	1
46_22	2
45_23	4
45_25	1
45_24	0
46_23	4
45_27	1
45_26	0
45_28	2
45_30	1
45_29	2
45_31	3
45_33	1
45_32	0
45_34	2
45_35	2
45_36	2
45_37	1
45_39	0
45_38	2
45_41	2
45_40	0
45_42	1
45_43	1
45_44	0
45_45	0
45_47	0
45_46	1
44_50	0
45_48	1
45_49	2
45_50	0
44_51	1
45_51	2
45_52	1
44_55	2
45_53	2
45_54	1
45_55	1
44_56	0
44_57	1
44_58	2
45_57	4
45_56	3
45_58	2
44_59	2
44_61	1
44_60	0
45_59	1
45_60	3
44_62	1
44_63	3
45_62	0
45_61	2
45_63	3
44_64	4
44_65	0
44_66	3
45_66	4
45_64	2
45_65	1
44_67	3
44_68	2
44_69	1
45_67	0
45_68	1
45_69	2
44_71	1
44_70	1
44_72	3
45_70	2
45_71	1
44_73	1
44_74	1
45_72	1
45_73	4
45_74	0
44_75	0
44_76	2
44_77	0
45_76	1
45_75	1
45_77	0
44_78	1
44_79	2
45_78	1
45_79	0
45_80	1
44_82	3
44_81	0
44_80	1
45_81	2
45_82	1
44_84	3
44_85	0
44_83	0
45_83	0
45_84	0
45_85	0
44_86	1
44_87	2
44_88	2
45_86	0
45_87	1
45_88	2
44_89	1
44_90	1
44_91	0
45_89	1
45_90	0
44_92	0
44_93	1
45_91	0
45_92	1
45_93	2
44_94	2
44_95	0
44_96	1
45_95	0
45_94	1
45_96	2
44_98	4
44_97	1
44_99	3
45_99	1
45_97	1
45_98	0
44_101	2
44_100	3
45_101	1
45_100	0
44_102	1
44_104	0
44_103	0
45_102	0
45_103	1
45_104	2
44_106	0
44_105	2
44_107	0
45_105	1
45_106	1
45_107	0
44_109	0
44_108	1
44_110	2
45_108	2
45_109	1
45_110	0
44_111	1
44_112	1
45_111	1
45_112	0
47_1	2
47_2	3
47_4	1
47_3	3
47_6	3
47_5	1
47_7	0
47_8	1
47_9	6
47_10	0
47_11	0
47_12	1
47_13	0
47_14	1
47_15	3
47_16	0
47_17	4
47_20	1
47_18	1
47_19	5
47_21	2
47_22	3
46_25	1
46_24	1
47_24	2
47_23	0
47_25	4
46_26	2
46_27	1
46_28	3
47_26	1
47_27	1
47_28	0
46_29	5
46_30	2
46_31	2
47_29	2
47_30	2
47_31	1
46_32	2
46_33	3
47_33	1
47_32	0
46_34	2
46_35	3
46_36	3
47_34	0
47_35	2
47_36	3
46_38	4
46_39	5
46_37	3
47_37	2
47_39	0
47_38	0
46_41	1
46_40	2
46_42	2
47_40	0
47_41	3
46_43	1
46_44	1
47_42	0
47_44	0
47_43	2
46_45	0
46_46	3
46_47	2
47_46	2
47_47	0
47_45	1
46_48	3
46_50	3
46_49	2
47_48	1
47_50	2
47_49	1
46_51	2
46_52	2
47_52	0
47_53	0
47_51	1
46_54	2
46_53	2
46_55	3
47_54	0
47_55	1
46_57	2
46_56	0
46_58	1
47_56	1
47_57	0
47_58	2
46_59	1
46_61	1
46_60	4
47_59	0
47_60	0
47_61	1
46_62	2
46_63	1
47_63	3
47_62	3
46_65	1
46_64	2
46_66	1
47_66	1
47_64	2
47_65	1
46_67	2
46_68	2
46_69	1
47_68	2
47_67	3
47_69	0
46_71	1
46_70	2
46_72	0
47_71	2
47_70	3
47_72	1
46_73	0
46_74	1
47_73	2
47_74	1
46_75	2
46_76	1
46_77	0
47_75	2
47_76	3
47_77	1
46_79	2
46_78	5
46_80	2
47_79	0
47_78	0
47_80	1
46_82	1
46_81	3
47_81	1
47_82	1
46_85	0
46_84	1
46_83	3
47_83	0
47_84	5
47_85	0
46_87	1
46_88	3
46_86	2
47_86	0
47_87	1
47_88	0
46_90	2
46_89	0
46_91	1
47_89	1
47_90	2
47_91	0
46_93	4
46_92	5
47_92	1
47_93	0
46_95	1
46_94	0
46_96	1
47_94	2
47_95	0
47_96	0
46_97	1
46_98	1
46_99	1
47_97	0
47_98	0
47_99	0
46_100	1
46_101	1
47_101	1
47_100	1
46_102	1
46_103	2
46_104	1
47_102	0
47_103	1
47_104	0
46_105	1
46_106	2
46_107	2
47_106	0
47_107	1
47_105	1
46_108	2
46_109	3
46_110	0
47_108	0
47_109	1
47_110	1
46_112	0
46_111	1
47_111	0
47_112	0
48_2	5
48_3	0
48_1	2
49_1	1
49_2	0
49_4	4
49_3	1
48_4	0
48_5	3
48_6	3
49_6	2
49_5	2
48_7	2
48_8	0
48_9	3
49_7	2
49_8	0
49_9	3
48_10	2
48_11	2
48_12	1
49_11	1
49_12	1
49_10	0
48_13	0
48_14	2
49_13	0
49_14	2
48_15	1
48_16	1
48_17	2
49_16	3
49_15	2
49_17	0
48_18	3
48_19	1
48_20	1
49_19	2
49_18	1
49_20	0
48_22	1
48_21	3
49_21	2
49_22	1
48_24	0
48_25	3
48_23	2
49_24	0
49_23	1
49_25	0
48_27	0
48_28	1
48_26	0
49_26	0
49_27	1
49_28	2
48_29	1
48_30	1
48_31	1
49_29	2
49_30	2
49_31	3
48_32	2
48_33	3
48_34	0
49_32	1
49_33	1
48_35	1
48_36	1
49_34	0
49_36	0
49_35	0
48_38	1
48_39	1
48_37	2
49_39	1
49_38	2
49_37	1
48_40	3
48_41	2
48_42	5
49_40	1
49_41	1
49_42	1
48_43	1
48_44	2
49_43	3
49_44	3
48_45	2
48_46	1
48_47	1
49_45	0
49_46	1
49_47	1
48_49	2
48_50	2
48_48	2
49_49	3
49_48	3
49_50	3
48_52	3
48_51	0
49_53	0
49_51	2
49_52	2
48_55	4
48_54	0
48_53	3
49_54	1
49_55	2
48_57	0
48_58	1
48_56	3
49_57	3
49_58	1
49_56	1
48_60	1
48_59	1
48_61	1
49_60	1
49_59	0
49_61	0
48_62	0
48_63	1
49_63	1
49_62	3
48_66	1
48_65	1
48_64	1
49_64	0
49_66	1
49_65	1
48_67	1
48_69	0
48_68	0
49_67	5
49_69	2
49_68	1
48_70	3
48_72	2
48_71	3
49_70	1
49_71	1
49_72	3
48_74	1
48_73	4
49_73	2
49_74	1
48_76	0
48_75	2
48_77	1
49_75	2
49_76	1
49_77	0
48_78	6
48_80	1
48_79	2
49_80	1
49_78	0
49_79	1
48_81	1
48_82	0
48_83	2
49_81	1
49_82	4
48_85	1
48_84	1
49_84	0
49_83	3
49_85	3
48_87	1
48_86	2
48_88	0
49_86	0
49_87	2
49_88	1
48_89	3
48_90	2
48_91	1
49_89	2
49_90	1
49_91	1
48_93	1
48_92	0
49_92	1
49_93	1
48_96	0
48_94	1
48_95	5
49_94	0
49_95	3
48_97	1
48_99	0
48_98	4
49_97	0
48_101	2
48_100	0
49_100	3
49_101	0
48_104	2
48_102	2
48_103	3
49_103	3
48_106	2
48_107	0
48_105	2
48_108	0
48_110	1
48_109	1
48_111	3
48_112	3
50_3	4
50_2	0
50_1	1
51_4	3
51_1	1
51_2	1
51_3	1
50_6	0
50_5	1
50_4	1
51_6	1
51_5	0
50_7	3
50_8	1
50_9	3
51_8	0
51_7	1
51_9	0
50_10	2
50_11	3
50_12	4
51_10	2
51_12	0
51_11	1
50_13	1
50_14	1
51_14	2
51_13	3
50_15	1
50_16	2
50_17	2
51_16	1
51_17	0
51_15	0
50_18	5
50_19	2
50_20	3
51_18	2
51_19	1
51_20	5
50_22	6
50_21	0
51_23	0
51_21	0
51_22	1
50_25	1
50_24	2
50_23	0
51_24	3
51_25	1
50_26	3
50_27	0
50_28	1
51_27	2
51_28	2
51_26	0
50_30	2
50_29	3
50_31	1
51_29	3
51_30	2
51_31	1
50_32	1
50_33	3
50_34	1
51_33	0
51_32	1
51_34	1
50_36	2
50_35	3
51_36	3
51_35	0
50_37	3
50_38	3
50_39	3
51_37	1
51_38	1
51_39	4
50_40	0
50_42	4
50_41	1
51_40	3
51_41	1
51_42	0
50_43	1
50_44	2
51_43	2
51_44	2
50_46	4
50_45	4
50_47	2
51_46	1
51_45	0
51_47	0
50_48	2
50_49	2
50_50	2
51_50	3
51_48	1
51_49	2
50_51	1
50_52	1
50_53	2
51_51	2
51_52	1
51_53	2
50_55	2
50_54	0
51_54	2
51_55	1
50_56	1
50_57	1
50_58	2
51_56	2
51_57	0
51_58	1
50_59	1
50_60	0
50_61	1
51_59	0
51_61	1
51_60	2
50_62	4
50_64	1
50_63	1
51_62	1
51_63	0
50_65	0
50_66	4
51_64	1
50_67	3
50_68	0
50_69	0
51_67	1
51_68	0
51_69	3
50_70	1
50_71	2
50_72	1
51_70	2
50_73	1
50_74	1
51_72	4
51_73	2
50_75	2
50_77	0
50_76	1
50_79	1
50_78	2
50_80	2
50_82	5
50_81	0
50_83	1
50_84	3
50_85	1
50_87	0
50_86	2
50_88	2
50_89	1
50_91	3
50_90	3
50_93	1
50_92	2
49_96	1
50_95	0
50_96	0
50_94	2
49_98	2
49_99	0
50_97	1
50_98	2
50_99	1
50_100	1
50_102	1
50_101	1
49_102	2
49_104	2
50_103	0
50_104	3
49_106	1
49_105	5
49_107	2
50_105	3
50_106	0
50_107	1
49_108	1
49_110	2
49_109	1
50_108	1
50_109	0
50_110	0
49_112	1
49_111	0
50_111	0
50_112	0
52_2	2
52_1	1
52_3	0
53_3	2
53_4	2
53_1	0
53_2	1
52_6	1
52_5	0
52_4	1
53_6	0
53_5	0
52_7	3
52_8	1
52_9	3
53_8	2
53_7	0
53_9	3
52_10	0
52_12	0
52_11	0
53_11	0
53_12	1
53_10	0
52_15	2
52_13	3
52_14	4
53_13	1
53_14	1
53_15	2
52_16	1
52_17	3
53_17	0
53_16	0
52_20	1
52_18	2
52_19	0
53_20	5
53_18	1
53_19	4
52_22	0
52_21	1
52_23	0
53_21	2
53_22	4
53_23	2
52_24	1
52_25	2
53_24	0
53_25	0
52_27	2
52_28	3
52_26	0
53_27	3
53_26	1
53_28	2
52_30	4
52_29	0
52_31	1
53_29	1
53_31	0
53_30	2
52_32	2
52_34	0
52_33	3
53_32	2
53_33	3
52_35	2
52_36	4
53_34	1
53_35	3
53_36	2
52_37	1
52_38	4
52_39	1
53_37	0
53_38	3
52_40	1
52_42	3
52_41	1
53_40	3
53_42	1
52_43	1
52_44	1
52_45	3
52_46	3
52_47	1
52_48	2
52_49	0
52_50	2
52_51	3
52_52	0
52_53	0
52_54	1
52_55	2
52_56	0
52_57	2
52_58	1
52_59	0
52_60	1
52_61	1
52_63	1
52_64	2
52_62	2
51_65	0
51_66	2
52_65	1
52_66	2
52_68	3
52_69	2
52_67	0
51_71	2
52_70	1
52_72	1
52_71	1
51_74	3
52_74	4
52_73	1
51_75	2
51_77	1
51_76	1
52_76	3
52_75	0
52_77	1
51_78	0
51_79	0
51_80	0
52_78	1
52_79	1
52_80	2
51_81	2
51_82	0
52_82	0
52_81	1
52_83	1
51_83	1
51_85	2
51_84	0
52_84	1
52_85	3
51_86	2
51_87	2
51_88	2
52_86	4
52_88	3
52_87	0
51_89	0
51_90	1
51_91	1
52_89	0
52_90	0
52_91	2
51_92	2
51_93	0
52_94	0
52_93	1
52_92	2
51_96	1
51_95	1
51_94	1
52_95	2
52_96	1
51_97	0
51_98	0
52_97	3
52_99	2
51_100	0
51_102	1
51_101	2
52_101	0
52_100	0
52_102	2
51_104	0
51_103	3
52_103	1
51_105	0
51_107	0
51_106	0
52_105	0
52_106	1
51_108	2
51_109	1
51_110	2
52_108	1
51_111	0
51_112	2
54_2	2
54_3	0
55_2	2
55_3	0
54_6	1
54_5	2
54_4	0
55_5	0
55_4	0
55_6	2
54_8	1
54_9	0
55_8	0
55_9	2
54_11	1
54_10	0
54_12	0
55_10	1
55_11	1
54_13	2
54_14	4
55_14	1
54_17	0
54_16	1
54_15	1
55_15	2
54_19	1
54_20	1
54_18	1
54_21	0
54_22	1
54_23	1
54_24	1
54_25	2
54_26	1
54_28	2
54_27	1
54_29	2
54_30	2
54_31	5
54_33	3
54_32	1
54_36	4
54_35	4
54_34	1
53_39	2
54_37	0
54_39	5
54_38	1
53_41	3
54_40	1
54_41	1
54_42	0
53_44	2
53_43	1
54_44	2
54_43	0
54_45	1
53_45	0
53_46	2
53_47	1
54_46	1
54_47	4
53_48	0
53_49	2
53_50	0
54_50	2
54_49	2
54_48	2
53_52	1
53_51	3
53_53	2
54_52	2
54_53	4
54_51	1
53_54	0
53_55	0
54_54	1
54_55	0
53_58	0
53_56	1
53_57	1
54_56	0
54_57	0
54_58	1
53_59	2
53_60	3
53_61	0
54_59	1
54_60	0
54_61	0
53_62	4
53_63	2
54_62	2
54_63	0
54_64	1
53_64	2
53_66	1
53_65	1
54_65	0
53_68	1
53_67	1
53_69	2
54_67	3
54_68	1
54_69	3
53_71	1
53_70	1
53_72	3
54_70	3
53_74	1
53_73	3
54_73	3
54_72	2
53_77	2
53_75	2
53_76	1
54_76	2
54_75	2
53_78	2
53_79	1
53_80	1
54_78	4
53_81	2
53_82	3
53_83	1
53_85	0
53_84	1
53_86	2
53_88	1
53_87	2
53_89	0
53_90	1
53_91	2
53_93	2
53_92	1
53_96	2
53_94	1
53_95	0
52_98	0
53_97	2
53_99	1
53_98	2
53_100	2
53_101	2
53_102	0
52_104	1
53_104	1
53_103	0
52_107	1
53_105	1
53_107	0
53_106	1
52_109	2
52_110	3
53_109	0
53_110	2
53_108	1
52_112	3
52_111	1
53_111	0
53_113	1
53_112	1
55_1	0
55_7	0
55_12	1
55_13	0
55_16	2
55_17	1
55_18	1
55_20	4
55_19	2
55_21	0
55_22	1
55_23	1
55_25	2
55_24	1
55_26	0
55_27	0
55_28	2
55_29	0
55_30	3
55_31	2
55_32	1
55_34	1
55_33	2
55_35	2
55_36	2
55_38	0
55_37	1
55_39	1
55_40	0
55_41	1
55_42	1
55_43	2
55_44	0
55_45	0
55_46	0
55_47	2
55_48	0
55_49	2
55_50	0
55_51	0
55_52	2
55_53	2
55_54	0
55_55	0
55_57	2
55_56	0
55_58	2
55_60	1
55_59	1
55_61	1
55_62	2
55_63	1
54_66	2
55_64	0
55_65	1
55_66	1
55_67	2
55_68	0
55_69	1
54_71	2
55_71	0
55_70	0
55_72	2
54_74	0
55_74	2
55_73	0
54_77	0
55_76	2
55_75	2
55_77	2
54_79	2
54_80	5
55_79	1
55_78	1
55_80	2
54_81	1
54_83	2
54_82	4
55_81	0
55_82	0
55_83	4
54_84	4
54_85	3
55_84	0
55_85	0
54_86	1
54_88	1
54_87	4
55_88	1
55_86	1
55_87	3
54_89	4
54_90	2
54_91	2
55_89	3
55_90	1
55_91	0
54_92	0
54_93	0
54_94	3
55_93	1
55_92	5
54_95	2
54_96	1
55_95	2
55_94	2
55_96	2
54_97	0
54_99	4
54_98	2
55_97	2
55_98	1
55_99	3
54_100	0
54_101	1
54_102	2
55_100	0
55_101	2
55_102	1
54_103	3
54_104	3
55_105	2
55_103	0
55_104	3
54_107	3
54_105	0
55_107	0
54_109	0
54_108	1
54_110	3
55_108	2
55_110	2
55_109	1
54_111	1
55_111	2
